# Object Export From Tinkercad Server 2015

mtllib obj.mtl

o obj_0
v 0 		1 		20
v -1.3053 		1 		19.9144
v -1.2941 		0.8296 		19.9144
v -1.2608 		0.6622 		19.9144
v -1.2059 		0.5005 		19.9144
v -1.1304 		0.3474 		19.9144
v -1.0355 		0.2054 		19.9144
v -0.923 		0.077 		19.9144
v -0.7946 		-0.0355 		19.9144
v -0.6526 		-0.1304 		19.9144
v -0.4995 		-0.2059 		19.9144
v -0.3378 		-0.2608 		19.9144
v -0.1704 		-0.2941 		19.9144
v 0 		-0.3053 		19.9144
v 0.1704 		-0.2941 		19.9144
v 0.3378 		-0.2608 		19.9144
v 0.4995 		-0.2059 		19.9144
v 0.6526 		-0.1304 		19.9144
v 0.7946 		-0.0355 		19.9144
v 0.923 		0.077 		19.9144
v 1.0355 		0.2054 		19.9144
v 1.1304 		0.3474 		19.9144
v 1.2059 		0.5005 		19.9144
v 1.2608 		0.6622 		19.9144
v 1.2941 		0.8296 		19.9144
v 1.3053 		1 		19.9144
v 1.2941 		1.1704 		19.9144
v 1.2608 		1.3378 		19.9144
v 1.2059 		1.4995 		19.9144
v 1.1304 		1.6526 		19.9144
v 1.0355 		1.7946 		19.9144
v 0.923 		1.923 		19.9144
v 0.7946 		2.0355 		19.9144
v 0.6526 		2.1304 		19.9144
v 0.4995 		2.2059 		19.9144
v 0.3378 		2.2608 		19.9144
v 0.1704 		2.2941 		19.9144
v 0 		2.3053 		19.9144
v -0.1704 		2.2941 		19.9144
v -0.3378 		2.2608 		19.9144
v -0.4995 		2.2059 		19.9144
v -0.6526 		2.1304 		19.9144
v -0.7946 		2.0355 		19.9144
v -0.923 		1.923 		19.9144
v -1.0355 		1.7946 		19.9144
v -1.1304 		1.6526 		19.9144
v -1.2059 		1.4995 		19.9144
v -1.2608 		1.3378 		19.9144
v -1.2941 		1.1704 		19.9144
v -2.566 		0.6622 		19.6593
v -2.5882 		1 		19.6593
v -2.5 		0.3301 		19.6593
v -2.3912 		0.0095 		19.6593
v -2.2414 		-0.2941 		19.6593
v -2.0533 		-0.5756 		19.6593
v -1.8301 		-0.8301 		19.6593
v -1.5756 		-1.0533 		19.6593
v -1.2941 		-1.2414 		19.6593
v -0.9905 		-1.3912 		19.6593
v -0.6699 		-1.5 		19.6593
v -0.3378 		-1.566 		19.6593
v 0 		-1.5882 		19.6593
v 0.3378 		-1.566 		19.6593
v 0.6699 		-1.5 		19.6593
v 0.9905 		-1.3912 		19.6593
v 1.2941 		-1.2414 		19.6593
v 1.5756 		-1.0533 		19.6593
v 1.8301 		-0.8301 		19.6593
v 2.0533 		-0.5756 		19.6593
v 2.2414 		-0.2941 		19.6593
v 2.3912 		0.0095 		19.6593
v 2.5 		0.3301 		19.6593
v 2.566 		0.6622 		19.6593
v 2.5882 		1 		19.6593
v 2.566 		1.3378 		19.6593
v 2.5 		1.6699 		19.6593
v 2.3912 		1.9905 		19.6593
v 2.2414 		2.2941 		19.6593
v 2.0533 		2.5756 		19.6593
v 1.8301 		2.8301 		19.6593
v 1.5756 		3.0533 		19.6593
v 1.2941 		3.2414 		19.6593
v 0.9905 		3.3912 		19.6593
v 0.6699 		3.5 		19.6593
v 0.3378 		3.566 		19.6593
v 0 		3.5882 		19.6593
v -0.3378 		3.566 		19.6593
v -0.6699 		3.5 		19.6593
v -0.9905 		3.3912 		19.6593
v -1.2941 		3.2414 		19.6593
v -1.5756 		3.0533 		19.6593
v -1.8301 		2.8301 		19.6593
v -2.0533 		2.5756 		19.6593
v -2.2414 		2.2941 		19.6593
v -2.3912 		1.9905 		19.6593
v -2.5 		1.6699 		19.6593
v -2.566 		1.3378 		19.6593
v -3.7941 		0.5005 		19.2388
v -3.8268 		1 		19.2388
v -3.6964 		0.0095 		19.2388
v -3.5355 		-0.4645 		19.2388
v -3.3141 		-0.9134 		19.2388
v -3.036 		-1.3296 		19.2388
v -2.706 		-1.706 		19.2388
v -2.3296 		-2.036 		19.2388
v -1.9134 		-2.3141 		19.2388
v -1.4645 		-2.5355 		19.2388
v -0.9905 		-2.6964 		19.2388
v -0.4995 		-2.7941 		19.2388
v 0 		-2.8268 		19.2388
v 0.4995 		-2.7941 		19.2388
v 0.9905 		-2.6964 		19.2388
v 1.4645 		-2.5355 		19.2388
v 1.9134 		-2.3141 		19.2388
v 2.3296 		-2.036 		19.2388
v 2.706 		-1.706 		19.2388
v 3.036 		-1.3296 		19.2388
v 3.3141 		-0.9134 		19.2388
v 3.5355 		-0.4645 		19.2388
v 3.6964 		0.0095 		19.2388
v 3.7941 		0.5005 		19.2388
v 3.8268 		1 		19.2388
v 3.7941 		1.4995 		19.2388
v 3.6964 		1.9905 		19.2388
v 3.5355 		2.4645 		19.2388
v 3.3141 		2.9134 		19.2388
v 3.036 		3.3296 		19.2388
v 2.706 		3.706 		19.2388
v 2.3296 		4.036 		19.2388
v 1.9134 		4.3141 		19.2388
v 1.4645 		4.5355 		19.2388
v 0.9905 		4.6964 		19.2388
v 0.4995 		4.7941 		19.2388
v 0 		4.8268 		19.2388
v -0.4995 		4.7941 		19.2388
v -0.9905 		4.6964 		19.2388
v -1.4645 		4.5355 		19.2388
v -1.9134 		4.3141 		19.2388
v -2.3296 		4.036 		19.2388
v -2.706 		3.706 		19.2388
v -3.036 		3.3296 		19.2388
v -3.3141 		2.9134 		19.2388
v -3.5355 		2.4645 		19.2388
v -3.6964 		1.9905 		19.2388
v -3.7941 		1.4995 		19.2388
v -4.9572 		0.3474 		18.6603
v -5 		1 		18.6603
v -4.8296 		-0.2941 		18.6603
v -4.6194 		-0.9134 		18.6603
v -4.3301 		-1.5 		18.6603
v -3.9668 		-2.0438 		18.6603
v -3.5355 		-2.5355 		18.6603
v -3.0438 		-2.9668 		18.6603
v -2.5 		-3.3301 		18.6603
v -1.9134 		-3.6194 		18.6603
v -1.2941 		-3.8296 		18.6603
v -0.6526 		-3.9572 		18.6603
v 0 		-4 		18.6603
v 0.6526 		-3.9572 		18.6603
v 1.2941 		-3.8296 		18.6603
v 1.9134 		-3.6194 		18.6603
v 2.5 		-3.3301 		18.6603
v 3.0438 		-2.9668 		18.6603
v 3.5355 		-2.5355 		18.6603
v 3.9668 		-2.0438 		18.6603
v 4.3301 		-1.5 		18.6603
v 4.6194 		-0.9134 		18.6603
v 4.8296 		-0.2941 		18.6603
v 4.9572 		0.3474 		18.6603
v 5 		1 		18.6603
v 4.9572 		1.6526 		18.6603
v 4.8296 		2.2941 		18.6603
v 4.6194 		2.9134 		18.6603
v 4.3301 		3.5 		18.6603
v 3.9668 		4.0438 		18.6603
v 3.5355 		4.5355 		18.6603
v 3.0438 		4.9668 		18.6603
v 2.5 		5.3301 		18.6603
v 1.9134 		5.6194 		18.6603
v 1.2941 		5.8296 		18.6603
v 0.6526 		5.9572 		18.6603
v 0 		6 		18.6603
v -0.6526 		5.9572 		18.6603
v -1.2941 		5.8296 		18.6603
v -1.9134 		5.6194 		18.6603
v -2.5 		5.3301 		18.6603
v -3.0438 		4.9668 		18.6603
v -3.5355 		4.5355 		18.6603
v -3.9668 		4.0438 		18.6603
v -4.3301 		3.5 		18.6603
v -4.6194 		2.9134 		18.6603
v -4.8296 		2.2941 		18.6603
v -4.9572 		1.6526 		18.6603
v -6.0355 		0.2054 		17.9335
v -6.0876 		1 		17.9335
v -5.8802 		-0.5756 		17.9335
v -5.6242 		-1.3296 		17.9335
v -5.272 		-2.0438 		17.9335
v -4.8296 		-2.7059 		17.9335
v -4.3046 		-3.3046 		17.9335
v -3.7059 		-3.8296 		17.9335
v -3.0438 		-4.272 		17.9335
v -2.3296 		-4.6242 		17.9335
v -1.5756 		-4.8802 		17.9335
v -0.7946 		-5.0355 		17.9335
v 0 		-5.0876 		17.9335
v 0.7946 		-5.0355 		17.9335
v 1.5756 		-4.8802 		17.9335
v 2.3296 		-4.6242 		17.9335
v 3.0438 		-4.272 		17.9335
v 3.7059 		-3.8296 		17.9335
v 4.3046 		-3.3046 		17.9335
v 4.8296 		-2.7059 		17.9335
v 5.272 		-2.0438 		17.9335
v 5.6242 		-1.3296 		17.9335
v 5.8802 		-0.5756 		17.9335
v 6.0355 		0.2054 		17.9335
v 6.0876 		1 		17.9335
v 6.0355 		1.7946 		17.9335
v 5.8802 		2.5756 		17.9335
v 5.6242 		3.3296 		17.9335
v 5.272 		4.0438 		17.9335
v 4.8296 		4.7059 		17.9335
v 4.3046 		5.3046 		17.9335
v 3.7059 		5.8296 		17.9335
v 3.0438 		6.272 		17.9335
v 2.3296 		6.6242 		17.9335
v 1.5756 		6.8802 		17.9335
v 0.7946 		7.0355 		17.9335
v 0 		7.0876 		17.9335
v -0.7946 		7.0355 		17.9335
v -1.5756 		6.8802 		17.9335
v -2.3296 		6.6242 		17.9335
v -3.0438 		6.272 		17.9335
v -3.7059 		5.8296 		17.9335
v -4.3046 		5.3046 		17.9335
v -4.8296 		4.7059 		17.9335
v -5.272 		4.0438 		17.9335
v -5.6242 		3.3296 		17.9335
v -5.8802 		2.5756 		17.9335
v -6.0355 		1.7946 		17.9335
v -7.0106 		0.077 		17.0711
v -7.0711 		1 		17.0711
v -6.8301 		-0.8301 		17.0711
v -6.5328 		-1.706 		17.0711
v -6.1237 		-2.5355 		17.0711
v -5.6099 		-3.3046 		17.0711
v -5 		-4 		17.0711
v -4.3046 		-4.6099 		17.0711
v -3.5355 		-5.1237 		17.0711
v -2.706 		-5.5328 		17.0711
v -1.8301 		-5.8301 		17.0711
v -0.923 		-6.0106 		17.0711
v 0 		-6.0711 		17.0711
v 0.923 		-6.0106 		17.0711
v 1.8301 		-5.8301 		17.0711
v 2.706 		-5.5328 		17.0711
v 3.5355 		-5.1237 		17.0711
v 4.3046 		-4.6099 		17.0711
v 5 		-4 		17.0711
v 5.6099 		-3.3046 		17.0711
v 6.1237 		-2.5355 		17.0711
v 6.5328 		-1.706 		17.0711
v 6.8301 		-0.8301 		17.0711
v 7.0106 		0.077 		17.0711
v 7.0711 		1 		17.0711
v 7.0106 		1.923 		17.0711
v 6.8301 		2.8301 		17.0711
v 6.5328 		3.706 		17.0711
v 6.1237 		4.5355 		17.0711
v 5.6099 		5.3046 		17.0711
v 5 		6 		17.0711
v 4.3046 		6.6099 		17.0711
v 3.5355 		7.1237 		17.0711
v 2.706 		7.5328 		17.0711
v 1.8301 		7.8301 		17.0711
v 0.923 		8.0106 		17.0711
v 0 		8.0711 		17.0711
v -0.923 		8.0106 		17.0711
v -1.8301 		7.8301 		17.0711
v -2.706 		7.5328 		17.0711
v -3.5355 		7.1237 		17.0711
v -4.3046 		6.6099 		17.0711
v -5 		6 		17.0711
v -5.6099 		5.3046 		17.0711
v -6.1237 		4.5355 		17.0711
v -6.5328 		3.706 		17.0711
v -6.8301 		2.8301 		17.0711
v -7.0106 		1.923 		17.0711
v -7.8657 		-0.0355 		16.0876
v -7.9335 		1 		16.0876
v -7.6632 		-1.0533 		16.0876
v -7.3296 		-2.036 		16.0876
v -6.8706 		-2.9668 		16.0876
v -6.2941 		-3.8296 		16.0876
v -5.6099 		-4.6099 		16.0876
v -4.8296 		-5.2941 		16.0876
v -3.9668 		-5.8706 		16.0876
v -3.036 		-6.3296 		16.0876
v -2.0533 		-6.6632 		16.0876
v -1.0355 		-6.8657 		16.0876
v 0 		-6.9335 		16.0876
v 1.0355 		-6.8657 		16.0876
v 2.0533 		-6.6632 		16.0876
v 3.036 		-6.3296 		16.0876
v 3.9668 		-5.8706 		16.0876
v 4.8296 		-5.2941 		16.0876
v 5.6099 		-4.6099 		16.0876
v 6.2941 		-3.8296 		16.0876
v 6.8706 		-2.9668 		16.0876
v 7.3296 		-2.036 		16.0876
v 7.6632 		-1.0533 		16.0876
v 7.8657 		-0.0355 		16.0876
v 7.9335 		1 		16.0876
v 7.8657 		2.0355 		16.0876
v 7.6632 		3.0533 		16.0876
v 7.3296 		4.036 		16.0876
v 6.8706 		4.9668 		16.0876
v 6.2941 		5.8296 		16.0876
v 5.6099 		6.6099 		16.0876
v 4.8296 		7.2941 		16.0876
v 3.9668 		7.8706 		16.0876
v 3.036 		8.3296 		16.0876
v 2.0533 		8.6632 		16.0876
v 1.0355 		8.8657 		16.0876
v 0 		8.9335 		16.0876
v -1.0355 		8.8657 		16.0876
v -2.0533 		8.6632 		16.0876
v -3.036 		8.3296 		16.0876
v -3.9668 		7.8706 		16.0876
v -4.8296 		7.2941 		16.0876
v -5.6099 		6.6099 		16.0876
v -6.2941 		5.8296 		16.0876
v -6.8706 		4.9668 		16.0876
v -7.3296 		4.036 		16.0876
v -7.6632 		3.0533 		16.0876
v -7.8657 		2.0355 		16.0876
v -8.5862 		-0.1304 		15
v -8.6603 		1 		15
v -8.3652 		-1.2414 		15
v -8.001 		-2.3141 		15
v -7.5 		-3.3301 		15
v -6.8706 		-4.272 		15
v -6.1237 		-5.1237 		15
v -5.272 		-5.8706 		15
v -4.3301 		-6.5 		15
v -3.3141 		-7.001 		15
v -2.2414 		-7.3652 		15
v -1.1304 		-7.5862 		15
v 0 		-7.6603 		15
v 1.1304 		-7.5862 		15
v 2.2414 		-7.3652 		15
v 3.3141 		-7.001 		15
v 4.3301 		-6.5 		15
v 5.272 		-5.8706 		15
v 6.1237 		-5.1237 		15
v 6.8706 		-4.272 		15
v 7.5 		-3.3301 		15
v 8.001 		-2.3141 		15
v 8.3652 		-1.2414 		15
v 8.5862 		-0.1304 		15
v 8.6603 		1 		15
v 8.5862 		2.1304 		15
v 8.3652 		3.2414 		15
v 8.001 		4.3141 		15
v 7.5 		5.3301 		15
v 6.8706 		6.272 		15
v 6.1237 		7.1237 		15
v 5.272 		7.8706 		15
v 4.3301 		8.5 		15
v 3.3141 		9.001 		15
v 2.2414 		9.3652 		15
v 1.1304 		9.5862 		15
v 0 		9.6603 		15
v -1.1304 		9.5862 		15
v -2.2414 		9.3652 		15
v -3.3141 		9.001 		15
v -4.3301 		8.5 		15
v -5.272 		7.8706 		15
v -6.1237 		7.1237 		15
v -6.8706 		6.272 		15
v -7.5 		5.3301 		15
v -8.001 		4.3141 		15
v -8.3652 		3.2414 		15
v -8.5862 		2.1304 		15
v -9.1598 		-0.2059 		13.8268
v -9.2388 		1 		13.8268
v -8.924 		-1.3912 		13.8268
v -8.5355 		-2.5355 		13.8268
v -8.001 		-3.6194 		13.8268
v -7.3296 		-4.6242 		13.8268
v -6.5328 		-5.5328 		13.8268
v -5.6242 		-6.3296 		13.8268
v -4.6194 		-7.001 		13.8268
v -3.5355 		-7.5355 		13.8268
v -2.3912 		-7.924 		13.8268
v -1.2059 		-8.1598 		13.8268
v 0 		-8.2388 		13.8268
v 1.2059 		-8.1598 		13.8268
v 2.3912 		-7.924 		13.8268
v 3.5355 		-7.5355 		13.8268
v 4.6194 		-7.001 		13.8268
v 5.6242 		-6.3296 		13.8268
v 6.5328 		-5.5328 		13.8268
v 7.3296 		-4.6242 		13.8268
v 8.001 		-3.6194 		13.8268
v 8.5355 		-2.5355 		13.8268
v 8.924 		-1.3912 		13.8268
v 9.1598 		-0.2059 		13.8268
v 9.2388 		1 		13.8268
v 9.1598 		2.2059 		13.8268
v 8.924 		3.3912 		13.8268
v 8.5355 		4.5355 		13.8268
v 8.001 		5.6194 		13.8268
v 7.3296 		6.6242 		13.8268
v 6.5328 		7.5328 		13.8268
v 5.6242 		8.3296 		13.8268
v 4.6194 		9.001 		13.8268
v 3.5355 		9.5355 		13.8268
v 2.3912 		9.924 		13.8268
v 1.2059 		10.1598 		13.8268
v 0 		10.2388 		13.8268
v -1.2059 		10.1598 		13.8268
v -2.3912 		9.924 		13.8268
v -3.5355 		9.5355 		13.8268
v -4.6194 		9.001 		13.8268
v -5.6242 		8.3296 		13.8268
v -6.5328 		7.5328 		13.8268
v -7.3296 		6.6242 		13.8268
v -8.001 		5.6194 		13.8268
v -8.5355 		4.5355 		13.8268
v -8.924 		3.3912 		13.8268
v -9.1598 		2.2059 		13.8268
v -9.5766 		-0.2608 		12.5882
v -9.6593 		1 		12.5882
v -9.3301 		-1.5 		12.5882
v -8.924 		-2.6964 		12.5882
v -8.3652 		-3.8296 		12.5882
v -7.6632 		-4.8802 		12.5882
v -6.8301 		-5.8301 		12.5882
v -5.8802 		-6.6632 		12.5882
v -4.8296 		-7.3652 		12.5882
v -3.6964 		-7.924 		12.5882
v -2.5 		-8.3301 		12.5882
v -1.2608 		-8.5766 		12.5882
v 0 		-8.6593 		12.5882
v 1.2608 		-8.5766 		12.5882
v 2.5 		-8.3301 		12.5882
v 3.6964 		-7.924 		12.5882
v 4.8296 		-7.3652 		12.5882
v 5.8802 		-6.6632 		12.5882
v 6.8301 		-5.8301 		12.5882
v 7.6632 		-4.8802 		12.5882
v 8.3652 		-3.8296 		12.5882
v 8.924 		-2.6964 		12.5882
v 9.3301 		-1.5 		12.5882
v 9.5766 		-0.2608 		12.5882
v 9.6593 		1 		12.5882
v 9.5766 		2.2608 		12.5882
v 9.3301 		3.5 		12.5882
v 8.924 		4.6964 		12.5882
v 8.3652 		5.8296 		12.5882
v 7.6632 		6.8802 		12.5882
v 6.8301 		7.8301 		12.5882
v 5.8802 		8.6632 		12.5882
v 4.8296 		9.3652 		12.5882
v 3.6964 		9.924 		12.5882
v 2.5 		10.3301 		12.5882
v 1.2608 		10.5766 		12.5882
v 0 		10.6593 		12.5882
v -1.2608 		10.5766 		12.5882
v -2.5 		10.3301 		12.5882
v -3.6964 		9.924 		12.5882
v -4.8296 		9.3652 		12.5882
v -5.8802 		8.6632 		12.5882
v -6.8301 		7.8301 		12.5882
v -7.6632 		6.8802 		12.5882
v -8.3652 		5.8296 		12.5882
v -8.924 		4.6964 		12.5882
v -9.3301 		3.5 		12.5882
v -9.5766 		2.2608 		12.5882
v -9.8296 		-0.2941 		11.3053
v -9.9144 		1 		11.3053
v -9.5766 		-1.566 		11.3053
v -9.1598 		-2.7941 		11.3053
v -8.5862 		-3.9572 		11.3053
v -7.8657 		-5.0355 		11.3053
v -7.0106 		-6.0106 		11.3053
v -6.0355 		-6.8657 		11.3053
v -4.9572 		-7.5862 		11.3053
v -3.7941 		-8.1598 		11.3053
v -2.566 		-8.5766 		11.3053
v -1.2941 		-8.8296 		11.3053
v 0 		-8.9144 		11.3053
v 1.2941 		-8.8296 		11.3053
v 2.566 		-8.5766 		11.3053
v 3.7941 		-8.1598 		11.3053
v 4.9572 		-7.5862 		11.3053
v 6.0355 		-6.8657 		11.3053
v 7.0106 		-6.0106 		11.3053
v 7.8657 		-5.0355 		11.3053
v 8.5862 		-3.9572 		11.3053
v 9.1598 		-2.7941 		11.3053
v 9.5766 		-1.566 		11.3053
v 9.8296 		-0.2941 		11.3053
v 9.9144 		1 		11.3053
v 9.8296 		2.2941 		11.3053
v 9.5766 		3.566 		11.3053
v 9.1598 		4.7941 		11.3053
v 8.5862 		5.9572 		11.3053
v 7.8657 		7.0355 		11.3053
v 7.0106 		8.0106 		11.3053
v 6.0355 		8.8657 		11.3053
v 4.9572 		9.5862 		11.3053
v 3.7941 		10.1598 		11.3053
v 2.566 		10.5766 		11.3053
v 1.2941 		10.8296 		11.3053
v 0 		10.9144 		11.3053
v -1.2941 		10.8296 		11.3053
v -2.566 		10.5766 		11.3053
v -3.7941 		10.1598 		11.3053
v -4.9572 		9.5862 		11.3053
v -6.0355 		8.8657 		11.3053
v -7.0106 		8.0106 		11.3053
v -7.8657 		7.0355 		11.3053
v -8.5862 		5.9572 		11.3053
v -9.1598 		4.7941 		11.3053
v -9.5766 		3.566 		11.3053
v -9.8296 		2.2941 		11.3053
v -9.9144 		-0.3053 		10
v -10 		1 		10
v -9.6593 		-1.5882 		10
v -9.2388 		-2.8268 		10
v -8.6603 		-4 		10
v -7.9335 		-5.0876 		10
v -7.0711 		-6.0711 		10
v -6.0876 		-6.9335 		10
v -5 		-7.6603 		10
v -3.8268 		-8.2388 		10
v -2.5882 		-8.6593 		10
v -1.3053 		-8.9144 		10
v 0 		-9 		10
v 1.3053 		-8.9144 		10
v 2.5882 		-8.6593 		10
v 3.8268 		-8.2388 		10
v 5 		-7.6603 		10
v 6.0876 		-6.9335 		10
v 7.0711 		-6.0711 		10
v 7.9335 		-5.0876 		10
v 8.6603 		-4 		10
v 9.2388 		-2.8268 		10
v 9.6593 		-1.5882 		10
v 9.9144 		-0.3053 		10
v 10 		1 		10
v 9.9144 		2.3053 		10
v 9.6593 		3.5882 		10
v 9.2388 		4.8268 		10
v 8.6603 		6 		10
v 7.9335 		7.0876 		10
v 7.0711 		8.0711 		10
v 6.0876 		8.9335 		10
v 5 		9.6603 		10
v 3.8268 		10.2388 		10
v 2.5882 		10.6593 		10
v 1.3053 		10.9144 		10
v 0 		11 		10
v -1.3053 		10.9144 		10
v -2.5882 		10.6593 		10
v -3.8268 		10.2388 		10
v -5 		9.6603 		10
v -6.0876 		8.9335 		10
v -7.0711 		8.0711 		10
v -7.9335 		7.0876 		10
v -8.6603 		6 		10
v -9.2388 		4.8268 		10
v -9.6593 		3.5882 		10
v -9.9144 		2.3053 		10
v -9.8296 		-0.2941 		8.6947
v -9.9144 		1 		8.6947
v -9.5766 		-1.566 		8.6947
v -9.1598 		-2.7941 		8.6947
v -8.5862 		-3.9572 		8.6947
v -7.8657 		-5.0355 		8.6947
v -7.0106 		-6.0106 		8.6947
v -6.0355 		-6.8657 		8.6947
v -4.9572 		-7.5862 		8.6947
v -3.7941 		-8.1598 		8.6947
v -2.566 		-8.5766 		8.6947
v -1.2941 		-8.8296 		8.6947
v 0 		-8.9144 		8.6947
v 1.2941 		-8.8296 		8.6947
v 2.566 		-8.5766 		8.6947
v 3.7941 		-8.1598 		8.6947
v 4.9572 		-7.5862 		8.6947
v 6.0355 		-6.8657 		8.6947
v 7.0106 		-6.0106 		8.6947
v 7.8657 		-5.0355 		8.6947
v 8.5862 		-3.9572 		8.6947
v 9.1598 		-2.7941 		8.6947
v 9.5766 		-1.566 		8.6947
v 9.8296 		-0.2941 		8.6947
v 9.9144 		1 		8.6947
v 9.8296 		2.2941 		8.6947
v 9.5766 		3.566 		8.6947
v 9.1598 		4.7941 		8.6947
v 8.5862 		5.9572 		8.6947
v 7.8657 		7.0355 		8.6947
v 7.0106 		8.0106 		8.6947
v 6.0355 		8.8657 		8.6947
v 4.9572 		9.5862 		8.6947
v 3.7941 		10.1598 		8.6947
v 2.566 		10.5766 		8.6947
v 1.2941 		10.8296 		8.6947
v 0 		10.9144 		8.6947
v -1.2941 		10.8296 		8.6947
v -2.566 		10.5766 		8.6947
v -3.7941 		10.1598 		8.6947
v -4.9572 		9.5862 		8.6947
v -6.0355 		8.8657 		8.6947
v -7.0106 		8.0106 		8.6947
v -7.8657 		7.0355 		8.6947
v -8.5862 		5.9572 		8.6947
v -9.1598 		4.7941 		8.6947
v -9.5766 		3.566 		8.6947
v -9.8296 		2.2941 		8.6947
v -9.5766 		-0.2608 		7.4118
v -9.6593 		1 		7.4118
v -9.3301 		-1.5 		7.4118
v -8.924 		-2.6964 		7.4118
v -8.3652 		-3.8296 		7.4118
v -7.6632 		-4.8802 		7.4118
v -6.8301 		-5.8301 		7.4118
v -5.8802 		-6.6632 		7.4118
v -4.8296 		-7.3652 		7.4118
v -3.6964 		-7.924 		7.4118
v -2.5 		-8.3301 		7.4118
v -1.2608 		-8.5766 		7.4118
v 0 		-8.6593 		7.4118
v 1.2608 		-8.5766 		7.4118
v 2.5 		-8.3301 		7.4118
v 3.6964 		-7.924 		7.4118
v 4.8296 		-7.3652 		7.4118
v 5.8802 		-6.6632 		7.4118
v 6.8301 		-5.8301 		7.4118
v 7.6632 		-4.8802 		7.4118
v 8.3652 		-3.8296 		7.4118
v 8.924 		-2.6964 		7.4118
v 9.3301 		-1.5 		7.4118
v 9.5766 		-0.2608 		7.4118
v 9.6593 		1 		7.4118
v 9.5766 		2.2608 		7.4118
v 9.3301 		3.5 		7.4118
v 8.924 		4.6964 		7.4118
v 8.3652 		5.8296 		7.4118
v 7.6632 		6.8802 		7.4118
v 6.8301 		7.8301 		7.4118
v 5.8802 		8.6632 		7.4118
v 4.8296 		9.3652 		7.4118
v 3.6964 		9.924 		7.4118
v 2.5 		10.3301 		7.4118
v 1.2608 		10.5766 		7.4118
v 0 		10.6593 		7.4118
v -1.2608 		10.5766 		7.4118
v -2.5 		10.3301 		7.4118
v -3.6964 		9.924 		7.4118
v -4.8296 		9.3652 		7.4118
v -5.8802 		8.6632 		7.4118
v -6.8301 		7.8301 		7.4118
v -7.6632 		6.8802 		7.4118
v -8.3652 		5.8296 		7.4118
v -8.924 		4.6964 		7.4118
v -9.3301 		3.5 		7.4118
v -9.5766 		2.2608 		7.4118
v -9.1598 		-0.2059 		6.1732
v -9.2388 		1 		6.1732
v -8.924 		-1.3912 		6.1732
v -8.5355 		-2.5355 		6.1732
v -8.001 		-3.6194 		6.1732
v -7.3296 		-4.6242 		6.1732
v -6.5328 		-5.5328 		6.1732
v -5.6242 		-6.3296 		6.1732
v -4.6194 		-7.001 		6.1732
v -3.5355 		-7.5355 		6.1732
v -2.3912 		-7.924 		6.1732
v -1.2059 		-8.1598 		6.1732
v 0 		-8.2388 		6.1732
v 1.2059 		-8.1598 		6.1732
v 2.3912 		-7.924 		6.1732
v 3.5355 		-7.5355 		6.1732
v 4.6194 		-7.001 		6.1732
v 5.6242 		-6.3296 		6.1732
v 6.5328 		-5.5328 		6.1732
v 7.3296 		-4.6242 		6.1732
v 8.001 		-3.6194 		6.1732
v 8.5355 		-2.5355 		6.1732
v 8.924 		-1.3912 		6.1732
v 9.1598 		-0.2059 		6.1732
v 9.2388 		1 		6.1732
v 9.1598 		2.2059 		6.1732
v 8.924 		3.3912 		6.1732
v 8.5355 		4.5355 		6.1732
v 8.001 		5.6194 		6.1732
v 7.3296 		6.6242 		6.1732
v 6.5328 		7.5328 		6.1732
v 5.6242 		8.3296 		6.1732
v 4.6194 		9.001 		6.1732
v 3.5355 		9.5355 		6.1732
v 2.3912 		9.924 		6.1732
v 1.2059 		10.1598 		6.1732
v 0 		10.2388 		6.1732
v -1.2059 		10.1598 		6.1732
v -2.3912 		9.924 		6.1732
v -3.5355 		9.5355 		6.1732
v -4.6194 		9.001 		6.1732
v -5.6242 		8.3296 		6.1732
v -6.5328 		7.5328 		6.1732
v -7.3296 		6.6242 		6.1732
v -8.001 		5.6194 		6.1732
v -8.5355 		4.5355 		6.1732
v -8.924 		3.3912 		6.1732
v -9.1598 		2.2059 		6.1732
v -8.5862 		-0.1304 		5
v -8.6603 		1 		5
v -8.3652 		-1.2414 		5
v -8.001 		-2.3141 		5
v -7.5 		-3.3301 		5
v -6.8706 		-4.272 		5
v -6.1237 		-5.1237 		5
v -5.272 		-5.8706 		5
v -4.3301 		-6.5 		5
v -3.3141 		-7.001 		5
v -2.2414 		-7.3652 		5
v -1.1304 		-7.5862 		5
v 0 		-7.6603 		5
v 1.1304 		-7.5862 		5
v 2.2414 		-7.3652 		5
v 3.3141 		-7.001 		5
v 4.3301 		-6.5 		5
v 5.272 		-5.8706 		5
v 6.1237 		-5.1237 		5
v 6.8706 		-4.272 		5
v 7.5 		-3.3301 		5
v 8.001 		-2.3141 		5
v 8.3652 		-1.2414 		5
v 8.5862 		-0.1304 		5
v 8.6603 		1 		5
v 8.5862 		2.1304 		5
v 8.3652 		3.2414 		5
v 8.001 		4.3141 		5
v 7.5 		5.3301 		5
v 6.8706 		6.272 		5
v 6.1237 		7.1237 		5
v 5.272 		7.8706 		5
v 4.3301 		8.5 		5
v 3.3141 		9.001 		5
v 2.2414 		9.3652 		5
v 1.1304 		9.5862 		5
v 0 		9.6603 		5
v -1.1304 		9.5862 		5
v -2.2414 		9.3652 		5
v -3.3141 		9.001 		5
v -4.3301 		8.5 		5
v -5.272 		7.8706 		5
v -6.1237 		7.1237 		5
v -6.8706 		6.272 		5
v -7.5 		5.3301 		5
v -8.001 		4.3141 		5
v -8.3652 		3.2414 		5
v -8.5862 		2.1304 		5
v -7.8657 		-0.0355 		3.9124
v -7.9335 		1 		3.9124
v -7.6632 		-1.0533 		3.9124
v -7.3296 		-2.036 		3.9124
v -6.8706 		-2.9668 		3.9124
v -6.2941 		-3.8296 		3.9124
v -5.6099 		-4.6099 		3.9124
v -4.8296 		-5.2941 		3.9124
v -3.9668 		-5.8706 		3.9124
v -3.036 		-6.3296 		3.9124
v -2.0533 		-6.6632 		3.9124
v -1.0355 		-6.8657 		3.9124
v 0 		-6.9335 		3.9124
v 1.0355 		-6.8657 		3.9124
v 2.0533 		-6.6632 		3.9124
v 3.036 		-6.3296 		3.9124
v 3.9668 		-5.8706 		3.9124
v 4.8296 		-5.2941 		3.9124
v 5.6099 		-4.6099 		3.9124
v 6.2941 		-3.8296 		3.9124
v 6.8706 		-2.9668 		3.9124
v 7.3296 		-2.036 		3.9124
v 7.6632 		-1.0533 		3.9124
v 7.8657 		-0.0355 		3.9124
v 7.9335 		1 		3.9124
v 7.8657 		2.0355 		3.9124
v 7.6632 		3.0533 		3.9124
v 7.3296 		4.036 		3.9124
v 6.8706 		4.9668 		3.9124
v 6.2941 		5.8296 		3.9124
v 5.6099 		6.6099 		3.9124
v 4.8296 		7.2941 		3.9124
v 3.9668 		7.8706 		3.9124
v 3.036 		8.3296 		3.9124
v 2.0533 		8.6632 		3.9124
v 1.0355 		8.8657 		3.9124
v 0 		8.9335 		3.9124
v -1.0355 		8.8657 		3.9124
v -2.0533 		8.6632 		3.9124
v -3.036 		8.3296 		3.9124
v -3.9668 		7.8706 		3.9124
v -4.8296 		7.2941 		3.9124
v -5.6099 		6.6099 		3.9124
v -6.2941 		5.8296 		3.9124
v -6.8706 		4.9668 		3.9124
v -7.3296 		4.036 		3.9124
v -7.6632 		3.0533 		3.9124
v -7.8657 		2.0355 		3.9124
v -7.0106 		0.077 		2.9289
v -7.0711 		1 		2.9289
v -6.8301 		-0.8301 		2.9289
v -6.5328 		-1.706 		2.9289
v -6.1237 		-2.5355 		2.9289
v -5.6099 		-3.3046 		2.9289
v -5 		-4 		2.9289
v -4.3046 		-4.6099 		2.9289
v -3.5355 		-5.1237 		2.9289
v -2.706 		-5.5328 		2.9289
v -1.8301 		-5.8301 		2.9289
v -0.923 		-6.0106 		2.9289
v 0 		-6.0711 		2.9289
v 0.923 		-6.0106 		2.9289
v 1.8301 		-5.8301 		2.9289
v 2.706 		-5.5328 		2.9289
v 3.5355 		-5.1237 		2.9289
v 4.3046 		-4.6099 		2.9289
v 5 		-4 		2.9289
v 5.6099 		-3.3046 		2.9289
v 6.1237 		-2.5355 		2.9289
v 6.5328 		-1.706 		2.9289
v 6.8301 		-0.8301 		2.9289
v 7.0106 		0.077 		2.9289
v 7.0711 		1 		2.9289
v 7.0106 		1.923 		2.9289
v 6.8301 		2.8301 		2.9289
v 6.5328 		3.706 		2.9289
v 6.1237 		4.5355 		2.9289
v 5.6099 		5.3046 		2.9289
v 5 		6 		2.9289
v 4.3046 		6.6099 		2.9289
v 3.5355 		7.1237 		2.9289
v 2.706 		7.5328 		2.9289
v 1.8301 		7.8301 		2.9289
v 0.923 		8.0106 		2.9289
v 0 		8.0711 		2.9289
v -0.923 		8.0106 		2.9289
v -1.8301 		7.8301 		2.9289
v -2.706 		7.5328 		2.9289
v -3.5355 		7.1237 		2.9289
v -4.3046 		6.6099 		2.9289
v -5 		6 		2.9289
v -5.6099 		5.3046 		2.9289
v -6.1237 		4.5355 		2.9289
v -6.5328 		3.706 		2.9289
v -6.8301 		2.8301 		2.9289
v -7.0106 		1.923 		2.9289
v -6.0355 		0.2054 		2.0665
v -6.0876 		1 		2.0665
v -5.8802 		-0.5756 		2.0665
v -5.6242 		-1.3296 		2.0665
v -5.272 		-2.0438 		2.0665
v -4.8296 		-2.7059 		2.0665
v -4.3046 		-3.3046 		2.0665
v -3.7059 		-3.8296 		2.0665
v -3.0438 		-4.272 		2.0665
v -2.3296 		-4.6242 		2.0665
v -1.5756 		-4.8802 		2.0665
v -0.7946 		-5.0355 		2.0665
v 0 		-5.0876 		2.0665
v 0.7946 		-5.0355 		2.0665
v 1.5756 		-4.8802 		2.0665
v 2.3296 		-4.6242 		2.0665
v 3.0438 		-4.272 		2.0665
v 3.7059 		-3.8296 		2.0665
v 4.3046 		-3.3046 		2.0665
v 4.8296 		-2.7059 		2.0665
v 5.272 		-2.0438 		2.0665
v 5.6242 		-1.3296 		2.0665
v 5.8802 		-0.5756 		2.0665
v 6.0355 		0.2054 		2.0665
v 6.0876 		1 		2.0665
v 6.0355 		1.7946 		2.0665
v 5.8802 		2.5756 		2.0665
v 5.6242 		3.3296 		2.0665
v 5.272 		4.0438 		2.0665
v 4.8296 		4.7059 		2.0665
v 4.3046 		5.3046 		2.0665
v 3.7059 		5.8296 		2.0665
v 3.0438 		6.272 		2.0665
v 2.3296 		6.6242 		2.0665
v 1.5756 		6.8802 		2.0665
v 0.7946 		7.0355 		2.0665
v 0 		7.0876 		2.0665
v -0.7946 		7.0355 		2.0665
v -1.5756 		6.8802 		2.0665
v -2.3296 		6.6242 		2.0665
v -3.0438 		6.272 		2.0665
v -3.7059 		5.8296 		2.0665
v -4.3046 		5.3046 		2.0665
v -4.8296 		4.7059 		2.0665
v -5.272 		4.0438 		2.0665
v -5.6242 		3.3296 		2.0665
v -5.8802 		2.5756 		2.0665
v -6.0355 		1.7946 		2.0665
v -4.9572 		0.3474 		1.3397
v -5 		1 		1.3397
v -4.8296 		-0.2941 		1.3397
v -4.6194 		-0.9134 		1.3397
v -4.3301 		-1.5 		1.3397
v -3.9668 		-2.0438 		1.3397
v -3.5355 		-2.5355 		1.3397
v -3.0438 		-2.9668 		1.3397
v -2.5 		-3.3301 		1.3397
v -1.9134 		-3.6194 		1.3397
v -1.2941 		-3.8296 		1.3397
v -0.6526 		-3.9572 		1.3397
v 0 		-4 		1.3397
v 0.6526 		-3.9572 		1.3397
v 1.2941 		-3.8296 		1.3397
v 1.9134 		-3.6194 		1.3397
v 2.5 		-3.3301 		1.3397
v 3.0438 		-2.9668 		1.3397
v 3.5355 		-2.5355 		1.3397
v 3.9668 		-2.0438 		1.3397
v 4.3301 		-1.5 		1.3397
v 4.6194 		-0.9134 		1.3397
v 4.8296 		-0.2941 		1.3397
v 4.9572 		0.3474 		1.3397
v 5 		1 		1.3397
v 4.9572 		1.6526 		1.3397
v 4.8296 		2.2941 		1.3397
v 4.6194 		2.9134 		1.3397
v 4.3301 		3.5 		1.3397
v 3.9668 		4.0438 		1.3397
v 3.5355 		4.5355 		1.3397
v 3.0438 		4.9668 		1.3397
v 2.5 		5.3301 		1.3397
v 1.9134 		5.6194 		1.3397
v 1.2941 		5.8296 		1.3397
v 0.6526 		5.9572 		1.3397
v 0 		6 		1.3397
v -0.6526 		5.9572 		1.3397
v -1.2941 		5.8296 		1.3397
v -1.9134 		5.6194 		1.3397
v -2.5 		5.3301 		1.3397
v -3.0438 		4.9668 		1.3397
v -3.5355 		4.5355 		1.3397
v -3.9668 		4.0438 		1.3397
v -4.3301 		3.5 		1.3397
v -4.6194 		2.9134 		1.3397
v -4.8296 		2.2941 		1.3397
v -4.9572 		1.6526 		1.3397
v -3.7941 		0.5005 		0.7612
v -3.8268 		1 		0.7612
v -3.6964 		0.0095 		0.7612
v -3.5355 		-0.4645 		0.7612
v -3.3141 		-0.9134 		0.7612
v -3.036 		-1.3296 		0.7612
v -2.706 		-1.706 		0.7612
v -2.3296 		-2.036 		0.7612
v -1.9134 		-2.3141 		0.7612
v -1.4645 		-2.5355 		0.7612
v -0.9905 		-2.6964 		0.7612
v -0.4995 		-2.7941 		0.7612
v 0 		-2.8268 		0.7612
v 0.4995 		-2.7941 		0.7612
v 0.9905 		-2.6964 		0.7612
v 1.4645 		-2.5355 		0.7612
v 1.9134 		-2.3141 		0.7612
v 2.3296 		-2.036 		0.7612
v 2.706 		-1.706 		0.7612
v 3.036 		-1.3296 		0.7612
v 3.3141 		-0.9134 		0.7612
v 3.5355 		-0.4645 		0.7612
v 3.6964 		0.0095 		0.7612
v 3.7941 		0.5005 		0.7612
v 3.8268 		1 		0.7612
v 3.7941 		1.4995 		0.7612
v 3.6964 		1.9905 		0.7612
v 3.5355 		2.4645 		0.7612
v 3.3141 		2.9134 		0.7612
v 3.036 		3.3296 		0.7612
v 2.706 		3.706 		0.7612
v 2.3296 		4.036 		0.7612
v 1.9134 		4.3141 		0.7612
v 1.4645 		4.5355 		0.7612
v 0.9905 		4.6964 		0.7612
v 0.4995 		4.7941 		0.7612
v 0 		4.8268 		0.7612
v -0.4995 		4.7941 		0.7612
v -0.9905 		4.6964 		0.7612
v -1.4645 		4.5355 		0.7612
v -1.9134 		4.3141 		0.7612
v -2.3296 		4.036 		0.7612
v -2.706 		3.706 		0.7612
v -3.036 		3.3296 		0.7612
v -3.3141 		2.9134 		0.7612
v -3.5355 		2.4645 		0.7612
v -3.6964 		1.9905 		0.7612
v -3.7941 		1.4995 		0.7612
v -2.566 		0.6622 		0.3407
v -2.5882 		1 		0.3407
v -2.5 		0.3301 		0.3407
v -2.3912 		0.0095 		0.3407
v -2.2414 		-0.2941 		0.3407
v -2.0533 		-0.5756 		0.3407
v -1.8301 		-0.8301 		0.3407
v -1.5756 		-1.0533 		0.3407
v -1.2941 		-1.2414 		0.3407
v -0.9905 		-1.3912 		0.3407
v -0.6699 		-1.5 		0.3407
v -0.3378 		-1.566 		0.3407
v 0 		-1.5882 		0.3407
v 0.3378 		-1.566 		0.3407
v 0.6699 		-1.5 		0.3407
v 0.9905 		-1.3912 		0.3407
v 1.2941 		-1.2414 		0.3407
v 1.5756 		-1.0533 		0.3407
v 1.8301 		-0.8301 		0.3407
v 2.0533 		-0.5756 		0.3407
v 2.2414 		-0.2941 		0.3407
v 2.3912 		0.0095 		0.3407
v 2.5 		0.3301 		0.3407
v 2.566 		0.6622 		0.3407
v 2.5882 		1 		0.3407
v 2.566 		1.3378 		0.3407
v 2.5 		1.6699 		0.3407
v 2.3912 		1.9905 		0.3407
v 2.2414 		2.2941 		0.3407
v 2.0533 		2.5756 		0.3407
v 1.8301 		2.8301 		0.3407
v 1.5756 		3.0533 		0.3407
v 1.2941 		3.2414 		0.3407
v 0.9905 		3.3912 		0.3407
v 0.6699 		3.5 		0.3407
v 0.3378 		3.566 		0.3407
v 0 		3.5882 		0.3407
v -0.3378 		3.566 		0.3407
v -0.6699 		3.5 		0.3407
v -0.9905 		3.3912 		0.3407
v -1.2941 		3.2414 		0.3407
v -1.5756 		3.0533 		0.3407
v -1.8301 		2.8301 		0.3407
v -2.0533 		2.5756 		0.3407
v -2.2414 		2.2941 		0.3407
v -2.3912 		1.9905 		0.3407
v -2.5 		1.6699 		0.3407
v -2.566 		1.3378 		0.3407
v -1.2941 		0.8296 		0.0856
v -1.3053 		1 		0.0856
v -1.2608 		0.6622 		0.0856
v -1.2059 		0.5005 		0.0856
v -1.1304 		0.3474 		0.0856
v -1.0355 		0.2054 		0.0856
v -0.923 		0.077 		0.0856
v -0.7946 		-0.0355 		0.0856
v -0.6526 		-0.1304 		0.0856
v -0.4995 		-0.2059 		0.0856
v -0.3378 		-0.2608 		0.0856
v -0.1704 		-0.2941 		0.0856
v 0 		-0.3053 		0.0856
v 0.1704 		-0.2941 		0.0856
v 0.3378 		-0.2608 		0.0856
v 0.4995 		-0.2059 		0.0856
v 0.6526 		-0.1304 		0.0856
v 0.7946 		-0.0355 		0.0856
v 0.923 		0.077 		0.0856
v 1.0355 		0.2054 		0.0856
v 1.1304 		0.3474 		0.0856
v 1.2059 		0.5005 		0.0856
v 1.2608 		0.6622 		0.0856
v 1.2941 		0.8296 		0.0856
v 1.3053 		1 		0.0856
v 1.2941 		1.1704 		0.0856
v 1.2608 		1.3378 		0.0856
v 1.2059 		1.4995 		0.0856
v 1.1304 		1.6526 		0.0856
v 1.0355 		1.7946 		0.0856
v 0.923 		1.923 		0.0856
v 0.7946 		2.0355 		0.0856
v 0.6526 		2.1304 		0.0856
v 0.4995 		2.2059 		0.0856
v 0.3378 		2.2608 		0.0856
v 0.1704 		2.2941 		0.0856
v 0 		2.3053 		0.0856
v -0.1704 		2.2941 		0.0856
v -0.3378 		2.2608 		0.0856
v -0.4995 		2.2059 		0.0856
v -0.6526 		2.1304 		0.0856
v -0.7946 		2.0355 		0.0856
v -0.923 		1.923 		0.0856
v -1.0355 		1.7946 		0.0856
v -1.1304 		1.6526 		0.0856
v -1.2059 		1.4995 		0.0856
v -1.2608 		1.3378 		0.0856
v -1.2941 		1.1704 		0.0856
v 0 		1 		0
# 1106 vertices

g group_0_16768282

usemtl color_16768282
s 0

f 1 	2 	3
f 1 	3 	4
f 1 	4 	5
f 1 	5 	6
f 1 	6 	7
f 1 	7 	8
f 1 	8 	9
f 1 	9 	10
f 1 	10 	11
f 1 	11 	12
f 1 	12 	13
f 1 	13 	14
f 1 	14 	15
f 1 	15 	16
f 1 	16 	17
f 1 	17 	18
f 1 	18 	19
f 1 	19 	20
f 1 	20 	21
f 1 	21 	22
f 1 	22 	23
f 1 	23 	24
f 1 	24 	25
f 1 	25 	26
f 1 	26 	27
f 1 	27 	28
f 1 	28 	29
f 1 	29 	30
f 1 	30 	31
f 1 	31 	32
f 1 	32 	33
f 1 	33 	34
f 1 	34 	35
f 1 	35 	36
f 1 	36 	37
f 1 	37 	38
f 1 	38 	39
f 1 	39 	40
f 1 	40 	41
f 1 	41 	42
f 1 	42 	43
f 1 	43 	44
f 1 	44 	45
f 1 	45 	46
f 1 	46 	47
f 1 	47 	48
f 1 	48 	49
f 1 	49 	2
f 3 	2 	50
f 2 	51 	50
f 4 	3 	52
f 3 	50 	52
f 5 	4 	53
f 4 	52 	53
f 6 	5 	54
f 5 	53 	54
f 7 	6 	55
f 6 	54 	55
f 8 	7 	56
f 7 	55 	56
f 9 	8 	57
f 8 	56 	57
f 10 	9 	58
f 9 	57 	58
f 11 	10 	59
f 10 	58 	59
f 12 	11 	60
f 11 	59 	60
f 13 	12 	61
f 12 	60 	61
f 14 	13 	62
f 13 	61 	62
f 15 	14 	63
f 14 	62 	63
f 16 	15 	64
f 15 	63 	64
f 17 	16 	65
f 16 	64 	65
f 18 	17 	66
f 17 	65 	66
f 19 	18 	67
f 18 	66 	67
f 20 	19 	68
f 19 	67 	68
f 21 	20 	69
f 20 	68 	69
f 22 	21 	70
f 21 	69 	70
f 23 	22 	71
f 22 	70 	71
f 24 	23 	72
f 23 	71 	72
f 25 	24 	73
f 24 	72 	73
f 26 	25 	74
f 25 	73 	74
f 27 	26 	75
f 26 	74 	75
f 28 	27 	76
f 27 	75 	76
f 29 	28 	77
f 28 	76 	77
f 30 	29 	78
f 29 	77 	78
f 31 	30 	79
f 30 	78 	79
f 32 	31 	80
f 31 	79 	80
f 33 	32 	81
f 32 	80 	81
f 34 	33 	82
f 33 	81 	82
f 35 	34 	83
f 34 	82 	83
f 36 	35 	84
f 35 	83 	84
f 37 	36 	85
f 36 	84 	85
f 38 	37 	86
f 37 	85 	86
f 39 	38 	87
f 38 	86 	87
f 40 	39 	88
f 39 	87 	88
f 41 	40 	89
f 40 	88 	89
f 42 	41 	90
f 41 	89 	90
f 43 	42 	91
f 42 	90 	91
f 44 	43 	92
f 43 	91 	92
f 45 	44 	93
f 44 	92 	93
f 46 	45 	94
f 45 	93 	94
f 47 	46 	95
f 46 	94 	95
f 48 	47 	96
f 47 	95 	96
f 49 	48 	97
f 48 	96 	97
f 2 	49 	51
f 49 	97 	51
f 50 	51 	98
f 51 	99 	98
f 52 	50 	100
f 50 	98 	100
f 53 	52 	101
f 52 	100 	101
f 54 	53 	102
f 53 	101 	102
f 55 	54 	103
f 54 	102 	103
f 56 	55 	104
f 55 	103 	104
f 57 	56 	105
f 56 	104 	105
f 58 	57 	106
f 57 	105 	106
f 59 	58 	107
f 58 	106 	107
f 60 	59 	108
f 59 	107 	108
f 61 	60 	109
f 60 	108 	109
f 62 	61 	110
f 61 	109 	110
f 63 	62 	111
f 62 	110 	111
f 64 	63 	112
f 63 	111 	112
f 65 	64 	113
f 64 	112 	113
f 66 	65 	114
f 65 	113 	114
f 67 	66 	115
f 66 	114 	115
f 68 	67 	116
f 67 	115 	116
f 69 	68 	117
f 68 	116 	117
f 70 	69 	118
f 69 	117 	118
f 71 	70 	119
f 70 	118 	119
f 72 	71 	120
f 71 	119 	120
f 73 	72 	121
f 72 	120 	121
f 74 	73 	122
f 73 	121 	122
f 75 	74 	123
f 74 	122 	123
f 76 	75 	124
f 75 	123 	124
f 77 	76 	125
f 76 	124 	125
f 78 	77 	126
f 77 	125 	126
f 79 	78 	127
f 78 	126 	127
f 80 	79 	128
f 79 	127 	128
f 81 	80 	129
f 80 	128 	129
f 82 	81 	130
f 81 	129 	130
f 83 	82 	131
f 82 	130 	131
f 84 	83 	132
f 83 	131 	132
f 85 	84 	133
f 84 	132 	133
f 86 	85 	134
f 85 	133 	134
f 87 	86 	135
f 86 	134 	135
f 88 	87 	136
f 87 	135 	136
f 89 	88 	137
f 88 	136 	137
f 90 	89 	138
f 89 	137 	138
f 91 	90 	139
f 90 	138 	139
f 92 	91 	140
f 91 	139 	140
f 93 	92 	141
f 92 	140 	141
f 94 	93 	142
f 93 	141 	142
f 95 	94 	143
f 94 	142 	143
f 96 	95 	144
f 95 	143 	144
f 97 	96 	145
f 96 	144 	145
f 51 	97 	99
f 97 	145 	99
f 98 	99 	146
f 99 	147 	146
f 100 	98 	148
f 98 	146 	148
f 101 	100 	149
f 100 	148 	149
f 102 	101 	150
f 101 	149 	150
f 103 	102 	151
f 102 	150 	151
f 104 	103 	152
f 103 	151 	152
f 105 	104 	153
f 104 	152 	153
f 106 	105 	154
f 105 	153 	154
f 107 	106 	155
f 106 	154 	155
f 108 	107 	156
f 107 	155 	156
f 109 	108 	157
f 108 	156 	157
f 110 	109 	158
f 109 	157 	158
f 111 	110 	159
f 110 	158 	159
f 112 	111 	160
f 111 	159 	160
f 113 	112 	161
f 112 	160 	161
f 114 	113 	162
f 113 	161 	162
f 115 	114 	163
f 114 	162 	163
f 116 	115 	164
f 115 	163 	164
f 117 	116 	165
f 116 	164 	165
f 118 	117 	166
f 117 	165 	166
f 119 	118 	167
f 118 	166 	167
f 120 	119 	168
f 119 	167 	168
f 121 	120 	169
f 120 	168 	169
f 122 	121 	170
f 121 	169 	170
f 123 	122 	171
f 122 	170 	171
f 124 	123 	172
f 123 	171 	172
f 125 	124 	173
f 124 	172 	173
f 126 	125 	174
f 125 	173 	174
f 127 	126 	175
f 126 	174 	175
f 128 	127 	176
f 127 	175 	176
f 129 	128 	177
f 128 	176 	177
f 130 	129 	178
f 129 	177 	178
f 131 	130 	179
f 130 	178 	179
f 132 	131 	180
f 131 	179 	180
f 133 	132 	181
f 132 	180 	181
f 134 	133 	182
f 133 	181 	182
f 135 	134 	183
f 134 	182 	183
f 136 	135 	184
f 135 	183 	184
f 137 	136 	185
f 136 	184 	185
f 138 	137 	186
f 137 	185 	186
f 139 	138 	187
f 138 	186 	187
f 140 	139 	188
f 139 	187 	188
f 141 	140 	189
f 140 	188 	189
f 142 	141 	190
f 141 	189 	190
f 143 	142 	191
f 142 	190 	191
f 144 	143 	192
f 143 	191 	192
f 145 	144 	193
f 144 	192 	193
f 99 	145 	147
f 145 	193 	147
f 146 	147 	194
f 147 	195 	194
f 148 	146 	196
f 146 	194 	196
f 149 	148 	197
f 148 	196 	197
f 150 	149 	198
f 149 	197 	198
f 151 	150 	199
f 150 	198 	199
f 152 	151 	200
f 151 	199 	200
f 153 	152 	201
f 152 	200 	201
f 154 	153 	202
f 153 	201 	202
f 155 	154 	203
f 154 	202 	203
f 156 	155 	204
f 155 	203 	204
f 157 	156 	205
f 156 	204 	205
f 158 	157 	206
f 157 	205 	206
f 159 	158 	207
f 158 	206 	207
f 160 	159 	208
f 159 	207 	208
f 161 	160 	209
f 160 	208 	209
f 162 	161 	210
f 161 	209 	210
f 163 	162 	211
f 162 	210 	211
f 164 	163 	212
f 163 	211 	212
f 165 	164 	213
f 164 	212 	213
f 166 	165 	214
f 165 	213 	214
f 167 	166 	215
f 166 	214 	215
f 168 	167 	216
f 167 	215 	216
f 169 	168 	217
f 168 	216 	217
f 170 	169 	218
f 169 	217 	218
f 171 	170 	219
f 170 	218 	219
f 172 	171 	220
f 171 	219 	220
f 173 	172 	221
f 172 	220 	221
f 174 	173 	222
f 173 	221 	222
f 175 	174 	223
f 174 	222 	223
f 176 	175 	224
f 175 	223 	224
f 177 	176 	225
f 176 	224 	225
f 178 	177 	226
f 177 	225 	226
f 179 	178 	227
f 178 	226 	227
f 180 	179 	228
f 179 	227 	228
f 181 	180 	229
f 180 	228 	229
f 182 	181 	230
f 181 	229 	230
f 183 	182 	231
f 182 	230 	231
f 184 	183 	232
f 183 	231 	232
f 185 	184 	233
f 184 	232 	233
f 186 	185 	234
f 185 	233 	234
f 187 	186 	235
f 186 	234 	235
f 188 	187 	236
f 187 	235 	236
f 189 	188 	237
f 188 	236 	237
f 190 	189 	238
f 189 	237 	238
f 191 	190 	239
f 190 	238 	239
f 192 	191 	240
f 191 	239 	240
f 193 	192 	241
f 192 	240 	241
f 147 	193 	195
f 193 	241 	195
f 194 	195 	242
f 195 	243 	242
f 196 	194 	244
f 194 	242 	244
f 197 	196 	245
f 196 	244 	245
f 198 	197 	246
f 197 	245 	246
f 199 	198 	247
f 198 	246 	247
f 200 	199 	248
f 199 	247 	248
f 201 	200 	249
f 200 	248 	249
f 202 	201 	250
f 201 	249 	250
f 203 	202 	251
f 202 	250 	251
f 204 	203 	252
f 203 	251 	252
f 205 	204 	253
f 204 	252 	253
f 206 	205 	254
f 205 	253 	254
f 207 	206 	255
f 206 	254 	255
f 208 	207 	256
f 207 	255 	256
f 209 	208 	257
f 208 	256 	257
f 210 	209 	258
f 209 	257 	258
f 211 	210 	259
f 210 	258 	259
f 212 	211 	260
f 211 	259 	260
f 213 	212 	261
f 212 	260 	261
f 214 	213 	262
f 213 	261 	262
f 215 	214 	263
f 214 	262 	263
f 216 	215 	264
f 215 	263 	264
f 217 	216 	265
f 216 	264 	265
f 218 	217 	266
f 217 	265 	266
f 219 	218 	267
f 218 	266 	267
f 220 	219 	268
f 219 	267 	268
f 221 	220 	269
f 220 	268 	269
f 222 	221 	270
f 221 	269 	270
f 223 	222 	271
f 222 	270 	271
f 224 	223 	272
f 223 	271 	272
f 225 	224 	273
f 224 	272 	273
f 226 	225 	274
f 225 	273 	274
f 227 	226 	275
f 226 	274 	275
f 228 	227 	276
f 227 	275 	276
f 229 	228 	277
f 228 	276 	277
f 230 	229 	278
f 229 	277 	278
f 231 	230 	279
f 230 	278 	279
f 232 	231 	280
f 231 	279 	280
f 233 	232 	281
f 232 	280 	281
f 234 	233 	282
f 233 	281 	282
f 235 	234 	283
f 234 	282 	283
f 236 	235 	284
f 235 	283 	284
f 237 	236 	285
f 236 	284 	285
f 238 	237 	286
f 237 	285 	286
f 239 	238 	287
f 238 	286 	287
f 240 	239 	288
f 239 	287 	288
f 241 	240 	289
f 240 	288 	289
f 195 	241 	243
f 241 	289 	243
f 242 	243 	290
f 243 	291 	290
f 244 	242 	292
f 242 	290 	292
f 245 	244 	293
f 244 	292 	293
f 246 	245 	294
f 245 	293 	294
f 247 	246 	295
f 246 	294 	295
f 248 	247 	296
f 247 	295 	296
f 249 	248 	297
f 248 	296 	297
f 250 	249 	298
f 249 	297 	298
f 251 	250 	299
f 250 	298 	299
f 252 	251 	300
f 251 	299 	300
f 253 	252 	301
f 252 	300 	301
f 254 	253 	302
f 253 	301 	302
f 255 	254 	303
f 254 	302 	303
f 256 	255 	304
f 255 	303 	304
f 257 	256 	305
f 256 	304 	305
f 258 	257 	306
f 257 	305 	306
f 259 	258 	307
f 258 	306 	307
f 260 	259 	308
f 259 	307 	308
f 261 	260 	309
f 260 	308 	309
f 262 	261 	310
f 261 	309 	310
f 263 	262 	311
f 262 	310 	311
f 264 	263 	312
f 263 	311 	312
f 265 	264 	313
f 264 	312 	313
f 266 	265 	314
f 265 	313 	314
f 267 	266 	315
f 266 	314 	315
f 268 	267 	316
f 267 	315 	316
f 269 	268 	317
f 268 	316 	317
f 270 	269 	318
f 269 	317 	318
f 271 	270 	319
f 270 	318 	319
f 272 	271 	320
f 271 	319 	320
f 273 	272 	321
f 272 	320 	321
f 274 	273 	322
f 273 	321 	322
f 275 	274 	323
f 274 	322 	323
f 276 	275 	324
f 275 	323 	324
f 277 	276 	325
f 276 	324 	325
f 278 	277 	326
f 277 	325 	326
f 279 	278 	327
f 278 	326 	327
f 280 	279 	328
f 279 	327 	328
f 281 	280 	329
f 280 	328 	329
f 282 	281 	330
f 281 	329 	330
f 283 	282 	331
f 282 	330 	331
f 284 	283 	332
f 283 	331 	332
f 285 	284 	333
f 284 	332 	333
f 286 	285 	334
f 285 	333 	334
f 287 	286 	335
f 286 	334 	335
f 288 	287 	336
f 287 	335 	336
f 289 	288 	337
f 288 	336 	337
f 243 	289 	291
f 289 	337 	291
f 290 	291 	338
f 291 	339 	338
f 292 	290 	340
f 290 	338 	340
f 293 	292 	341
f 292 	340 	341
f 294 	293 	342
f 293 	341 	342
f 295 	294 	343
f 294 	342 	343
f 296 	295 	344
f 295 	343 	344
f 297 	296 	345
f 296 	344 	345
f 298 	297 	346
f 297 	345 	346
f 299 	298 	347
f 298 	346 	347
f 300 	299 	348
f 299 	347 	348
f 301 	300 	349
f 300 	348 	349
f 302 	301 	350
f 301 	349 	350
f 303 	302 	351
f 302 	350 	351
f 304 	303 	352
f 303 	351 	352
f 305 	304 	353
f 304 	352 	353
f 306 	305 	354
f 305 	353 	354
f 307 	306 	355
f 306 	354 	355
f 308 	307 	356
f 307 	355 	356
f 309 	308 	357
f 308 	356 	357
f 310 	309 	358
f 309 	357 	358
f 311 	310 	359
f 310 	358 	359
f 312 	311 	360
f 311 	359 	360
f 313 	312 	361
f 312 	360 	361
f 314 	313 	362
f 313 	361 	362
f 315 	314 	363
f 314 	362 	363
f 316 	315 	364
f 315 	363 	364
f 317 	316 	365
f 316 	364 	365
f 318 	317 	366
f 317 	365 	366
f 319 	318 	367
f 318 	366 	367
f 320 	319 	368
f 319 	367 	368
f 321 	320 	369
f 320 	368 	369
f 322 	321 	370
f 321 	369 	370
f 323 	322 	371
f 322 	370 	371
f 324 	323 	372
f 323 	371 	372
f 325 	324 	373
f 324 	372 	373
f 326 	325 	374
f 325 	373 	374
f 327 	326 	375
f 326 	374 	375
f 328 	327 	376
f 327 	375 	376
f 329 	328 	377
f 328 	376 	377
f 330 	329 	378
f 329 	377 	378
f 331 	330 	379
f 330 	378 	379
f 332 	331 	380
f 331 	379 	380
f 333 	332 	381
f 332 	380 	381
f 334 	333 	382
f 333 	381 	382
f 335 	334 	383
f 334 	382 	383
f 336 	335 	384
f 335 	383 	384
f 337 	336 	385
f 336 	384 	385
f 291 	337 	339
f 337 	385 	339
f 338 	339 	386
f 339 	387 	386
f 340 	338 	388
f 338 	386 	388
f 341 	340 	389
f 340 	388 	389
f 342 	341 	390
f 341 	389 	390
f 343 	342 	391
f 342 	390 	391
f 344 	343 	392
f 343 	391 	392
f 345 	344 	393
f 344 	392 	393
f 346 	345 	394
f 345 	393 	394
f 347 	346 	395
f 346 	394 	395
f 348 	347 	396
f 347 	395 	396
f 349 	348 	397
f 348 	396 	397
f 350 	349 	398
f 349 	397 	398
f 351 	350 	399
f 350 	398 	399
f 352 	351 	400
f 351 	399 	400
f 353 	352 	401
f 352 	400 	401
f 354 	353 	402
f 353 	401 	402
f 355 	354 	403
f 354 	402 	403
f 356 	355 	404
f 355 	403 	404
f 357 	356 	405
f 356 	404 	405
f 358 	357 	406
f 357 	405 	406
f 359 	358 	407
f 358 	406 	407
f 360 	359 	408
f 359 	407 	408
f 361 	360 	409
f 360 	408 	409
f 362 	361 	410
f 361 	409 	410
f 363 	362 	411
f 362 	410 	411
f 364 	363 	412
f 363 	411 	412
f 365 	364 	413
f 364 	412 	413
f 366 	365 	414
f 365 	413 	414
f 367 	366 	415
f 366 	414 	415
f 368 	367 	416
f 367 	415 	416
f 369 	368 	417
f 368 	416 	417
f 370 	369 	418
f 369 	417 	418
f 371 	370 	419
f 370 	418 	419
f 372 	371 	420
f 371 	419 	420
f 373 	372 	421
f 372 	420 	421
f 374 	373 	422
f 373 	421 	422
f 375 	374 	423
f 374 	422 	423
f 376 	375 	424
f 375 	423 	424
f 377 	376 	425
f 376 	424 	425
f 378 	377 	426
f 377 	425 	426
f 379 	378 	427
f 378 	426 	427
f 380 	379 	428
f 379 	427 	428
f 381 	380 	429
f 380 	428 	429
f 382 	381 	430
f 381 	429 	430
f 383 	382 	431
f 382 	430 	431
f 384 	383 	432
f 383 	431 	432
f 385 	384 	433
f 384 	432 	433
f 339 	385 	387
f 385 	433 	387
f 386 	387 	434
f 387 	435 	434
f 388 	386 	436
f 386 	434 	436
f 389 	388 	437
f 388 	436 	437
f 390 	389 	438
f 389 	437 	438
f 391 	390 	439
f 390 	438 	439
f 392 	391 	440
f 391 	439 	440
f 393 	392 	441
f 392 	440 	441
f 394 	393 	442
f 393 	441 	442
f 395 	394 	443
f 394 	442 	443
f 396 	395 	444
f 395 	443 	444
f 397 	396 	445
f 396 	444 	445
f 398 	397 	446
f 397 	445 	446
f 399 	398 	447
f 398 	446 	447
f 400 	399 	448
f 399 	447 	448
f 401 	400 	449
f 400 	448 	449
f 402 	401 	450
f 401 	449 	450
f 403 	402 	451
f 402 	450 	451
f 404 	403 	452
f 403 	451 	452
f 405 	404 	453
f 404 	452 	453
f 406 	405 	454
f 405 	453 	454
f 407 	406 	455
f 406 	454 	455
f 408 	407 	456
f 407 	455 	456
f 409 	408 	457
f 408 	456 	457
f 410 	409 	458
f 409 	457 	458
f 411 	410 	459
f 410 	458 	459
f 412 	411 	460
f 411 	459 	460
f 413 	412 	461
f 412 	460 	461
f 414 	413 	462
f 413 	461 	462
f 415 	414 	463
f 414 	462 	463
f 416 	415 	464
f 415 	463 	464
f 417 	416 	465
f 416 	464 	465
f 418 	417 	466
f 417 	465 	466
f 419 	418 	467
f 418 	466 	467
f 420 	419 	468
f 419 	467 	468
f 421 	420 	469
f 420 	468 	469
f 422 	421 	470
f 421 	469 	470
f 423 	422 	471
f 422 	470 	471
f 424 	423 	472
f 423 	471 	472
f 425 	424 	473
f 424 	472 	473
f 426 	425 	474
f 425 	473 	474
f 427 	426 	475
f 426 	474 	475
f 428 	427 	476
f 427 	475 	476
f 429 	428 	477
f 428 	476 	477
f 430 	429 	478
f 429 	477 	478
f 431 	430 	479
f 430 	478 	479
f 432 	431 	480
f 431 	479 	480
f 433 	432 	481
f 432 	480 	481
f 387 	433 	435
f 433 	481 	435
f 434 	435 	482
f 435 	483 	482
f 436 	434 	484
f 434 	482 	484
f 437 	436 	485
f 436 	484 	485
f 438 	437 	486
f 437 	485 	486
f 439 	438 	487
f 438 	486 	487
f 440 	439 	488
f 439 	487 	488
f 441 	440 	489
f 440 	488 	489
f 442 	441 	490
f 441 	489 	490
f 443 	442 	491
f 442 	490 	491
f 444 	443 	492
f 443 	491 	492
f 445 	444 	493
f 444 	492 	493
f 446 	445 	494
f 445 	493 	494
f 447 	446 	495
f 446 	494 	495
f 448 	447 	496
f 447 	495 	496
f 449 	448 	497
f 448 	496 	497
f 450 	449 	498
f 449 	497 	498
f 451 	450 	499
f 450 	498 	499
f 452 	451 	500
f 451 	499 	500
f 453 	452 	501
f 452 	500 	501
f 454 	453 	502
f 453 	501 	502
f 455 	454 	503
f 454 	502 	503
f 456 	455 	504
f 455 	503 	504
f 457 	456 	505
f 456 	504 	505
f 458 	457 	506
f 457 	505 	506
f 459 	458 	507
f 458 	506 	507
f 460 	459 	508
f 459 	507 	508
f 461 	460 	509
f 460 	508 	509
f 462 	461 	510
f 461 	509 	510
f 463 	462 	511
f 462 	510 	511
f 464 	463 	512
f 463 	511 	512
f 465 	464 	513
f 464 	512 	513
f 466 	465 	514
f 465 	513 	514
f 467 	466 	515
f 466 	514 	515
f 468 	467 	516
f 467 	515 	516
f 469 	468 	517
f 468 	516 	517
f 470 	469 	518
f 469 	517 	518
f 471 	470 	519
f 470 	518 	519
f 472 	471 	520
f 471 	519 	520
f 473 	472 	521
f 472 	520 	521
f 474 	473 	522
f 473 	521 	522
f 475 	474 	523
f 474 	522 	523
f 476 	475 	524
f 475 	523 	524
f 477 	476 	525
f 476 	524 	525
f 478 	477 	526
f 477 	525 	526
f 479 	478 	527
f 478 	526 	527
f 480 	479 	528
f 479 	527 	528
f 481 	480 	529
f 480 	528 	529
f 435 	481 	483
f 481 	529 	483
f 482 	483 	530
f 483 	531 	530
f 484 	482 	532
f 482 	530 	532
f 485 	484 	533
f 484 	532 	533
f 486 	485 	534
f 485 	533 	534
f 487 	486 	535
f 486 	534 	535
f 488 	487 	536
f 487 	535 	536
f 489 	488 	537
f 488 	536 	537
f 490 	489 	538
f 489 	537 	538
f 491 	490 	539
f 490 	538 	539
f 492 	491 	540
f 491 	539 	540
f 493 	492 	541
f 492 	540 	541
f 494 	493 	542
f 493 	541 	542
f 495 	494 	543
f 494 	542 	543
f 496 	495 	544
f 495 	543 	544
f 497 	496 	545
f 496 	544 	545
f 498 	497 	546
f 497 	545 	546
f 499 	498 	547
f 498 	546 	547
f 500 	499 	548
f 499 	547 	548
f 501 	500 	549
f 500 	548 	549
f 502 	501 	550
f 501 	549 	550
f 503 	502 	551
f 502 	550 	551
f 504 	503 	552
f 503 	551 	552
f 505 	504 	553
f 504 	552 	553
f 506 	505 	554
f 505 	553 	554
f 507 	506 	555
f 506 	554 	555
f 508 	507 	556
f 507 	555 	556
f 509 	508 	557
f 508 	556 	557
f 510 	509 	558
f 509 	557 	558
f 511 	510 	559
f 510 	558 	559
f 512 	511 	560
f 511 	559 	560
f 513 	512 	561
f 512 	560 	561
f 514 	513 	562
f 513 	561 	562
f 515 	514 	563
f 514 	562 	563
f 516 	515 	564
f 515 	563 	564
f 517 	516 	565
f 516 	564 	565
f 518 	517 	566
f 517 	565 	566
f 519 	518 	567
f 518 	566 	567
f 520 	519 	568
f 519 	567 	568
f 521 	520 	569
f 520 	568 	569
f 522 	521 	570
f 521 	569 	570
f 523 	522 	571
f 522 	570 	571
f 524 	523 	572
f 523 	571 	572
f 525 	524 	573
f 524 	572 	573
f 526 	525 	574
f 525 	573 	574
f 527 	526 	575
f 526 	574 	575
f 528 	527 	576
f 527 	575 	576
f 529 	528 	577
f 528 	576 	577
f 483 	529 	531
f 529 	577 	531
f 530 	531 	578
f 531 	579 	578
f 532 	530 	580
f 530 	578 	580
f 533 	532 	581
f 532 	580 	581
f 534 	533 	582
f 533 	581 	582
f 535 	534 	583
f 534 	582 	583
f 536 	535 	584
f 535 	583 	584
f 537 	536 	585
f 536 	584 	585
f 538 	537 	586
f 537 	585 	586
f 539 	538 	587
f 538 	586 	587
f 540 	539 	588
f 539 	587 	588
f 541 	540 	589
f 540 	588 	589
f 542 	541 	590
f 541 	589 	590
f 543 	542 	591
f 542 	590 	591
f 544 	543 	592
f 543 	591 	592
f 545 	544 	593
f 544 	592 	593
f 546 	545 	594
f 545 	593 	594
f 547 	546 	595
f 546 	594 	595
f 548 	547 	596
f 547 	595 	596
f 549 	548 	597
f 548 	596 	597
f 550 	549 	598
f 549 	597 	598
f 551 	550 	599
f 550 	598 	599
f 552 	551 	600
f 551 	599 	600
f 553 	552 	601
f 552 	600 	601
f 554 	553 	602
f 553 	601 	602
f 555 	554 	603
f 554 	602 	603
f 556 	555 	604
f 555 	603 	604
f 557 	556 	605
f 556 	604 	605
f 558 	557 	606
f 557 	605 	606
f 559 	558 	607
f 558 	606 	607
f 560 	559 	608
f 559 	607 	608
f 561 	560 	609
f 560 	608 	609
f 562 	561 	610
f 561 	609 	610
f 563 	562 	611
f 562 	610 	611
f 564 	563 	612
f 563 	611 	612
f 565 	564 	613
f 564 	612 	613
f 566 	565 	614
f 565 	613 	614
f 567 	566 	615
f 566 	614 	615
f 568 	567 	616
f 567 	615 	616
f 569 	568 	617
f 568 	616 	617
f 570 	569 	618
f 569 	617 	618
f 571 	570 	619
f 570 	618 	619
f 572 	571 	620
f 571 	619 	620
f 573 	572 	621
f 572 	620 	621
f 574 	573 	622
f 573 	621 	622
f 575 	574 	623
f 574 	622 	623
f 576 	575 	624
f 575 	623 	624
f 577 	576 	625
f 576 	624 	625
f 531 	577 	579
f 577 	625 	579
f 578 	579 	626
f 579 	627 	626
f 580 	578 	628
f 578 	626 	628
f 581 	580 	629
f 580 	628 	629
f 582 	581 	630
f 581 	629 	630
f 583 	582 	631
f 582 	630 	631
f 584 	583 	632
f 583 	631 	632
f 585 	584 	633
f 584 	632 	633
f 586 	585 	634
f 585 	633 	634
f 587 	586 	635
f 586 	634 	635
f 588 	587 	636
f 587 	635 	636
f 589 	588 	637
f 588 	636 	637
f 590 	589 	638
f 589 	637 	638
f 591 	590 	639
f 590 	638 	639
f 592 	591 	640
f 591 	639 	640
f 593 	592 	641
f 592 	640 	641
f 594 	593 	642
f 593 	641 	642
f 595 	594 	643
f 594 	642 	643
f 596 	595 	644
f 595 	643 	644
f 597 	596 	645
f 596 	644 	645
f 598 	597 	646
f 597 	645 	646
f 599 	598 	647
f 598 	646 	647
f 600 	599 	648
f 599 	647 	648
f 601 	600 	649
f 600 	648 	649
f 602 	601 	650
f 601 	649 	650
f 603 	602 	651
f 602 	650 	651
f 604 	603 	652
f 603 	651 	652
f 605 	604 	653
f 604 	652 	653
f 606 	605 	654
f 605 	653 	654
f 607 	606 	655
f 606 	654 	655
f 608 	607 	656
f 607 	655 	656
f 609 	608 	657
f 608 	656 	657
f 610 	609 	658
f 609 	657 	658
f 611 	610 	659
f 610 	658 	659
f 612 	611 	660
f 611 	659 	660
f 613 	612 	661
f 612 	660 	661
f 614 	613 	662
f 613 	661 	662
f 615 	614 	663
f 614 	662 	663
f 616 	615 	664
f 615 	663 	664
f 617 	616 	665
f 616 	664 	665
f 618 	617 	666
f 617 	665 	666
f 619 	618 	667
f 618 	666 	667
f 620 	619 	668
f 619 	667 	668
f 621 	620 	669
f 620 	668 	669
f 622 	621 	670
f 621 	669 	670
f 623 	622 	671
f 622 	670 	671
f 624 	623 	672
f 623 	671 	672
f 625 	624 	673
f 624 	672 	673
f 579 	625 	627
f 625 	673 	627
f 626 	627 	674
f 627 	675 	674
f 628 	626 	676
f 626 	674 	676
f 629 	628 	677
f 628 	676 	677
f 630 	629 	678
f 629 	677 	678
f 631 	630 	679
f 630 	678 	679
f 632 	631 	680
f 631 	679 	680
f 633 	632 	681
f 632 	680 	681
f 634 	633 	682
f 633 	681 	682
f 635 	634 	683
f 634 	682 	683
f 636 	635 	684
f 635 	683 	684
f 637 	636 	685
f 636 	684 	685
f 638 	637 	686
f 637 	685 	686
f 639 	638 	687
f 638 	686 	687
f 640 	639 	688
f 639 	687 	688
f 641 	640 	689
f 640 	688 	689
f 642 	641 	690
f 641 	689 	690
f 643 	642 	691
f 642 	690 	691
f 644 	643 	692
f 643 	691 	692
f 645 	644 	693
f 644 	692 	693
f 646 	645 	694
f 645 	693 	694
f 647 	646 	695
f 646 	694 	695
f 648 	647 	696
f 647 	695 	696
f 649 	648 	697
f 648 	696 	697
f 650 	649 	698
f 649 	697 	698
f 651 	650 	699
f 650 	698 	699
f 652 	651 	700
f 651 	699 	700
f 653 	652 	701
f 652 	700 	701
f 654 	653 	702
f 653 	701 	702
f 655 	654 	703
f 654 	702 	703
f 656 	655 	704
f 655 	703 	704
f 657 	656 	705
f 656 	704 	705
f 658 	657 	706
f 657 	705 	706
f 659 	658 	707
f 658 	706 	707
f 660 	659 	708
f 659 	707 	708
f 661 	660 	709
f 660 	708 	709
f 662 	661 	710
f 661 	709 	710
f 663 	662 	711
f 662 	710 	711
f 664 	663 	712
f 663 	711 	712
f 665 	664 	713
f 664 	712 	713
f 666 	665 	714
f 665 	713 	714
f 667 	666 	715
f 666 	714 	715
f 668 	667 	716
f 667 	715 	716
f 669 	668 	717
f 668 	716 	717
f 670 	669 	718
f 669 	717 	718
f 671 	670 	719
f 670 	718 	719
f 672 	671 	720
f 671 	719 	720
f 673 	672 	721
f 672 	720 	721
f 627 	673 	675
f 673 	721 	675
f 674 	675 	722
f 675 	723 	722
f 676 	674 	724
f 674 	722 	724
f 677 	676 	725
f 676 	724 	725
f 678 	677 	726
f 677 	725 	726
f 679 	678 	727
f 678 	726 	727
f 680 	679 	728
f 679 	727 	728
f 681 	680 	729
f 680 	728 	729
f 682 	681 	730
f 681 	729 	730
f 683 	682 	731
f 682 	730 	731
f 684 	683 	732
f 683 	731 	732
f 685 	684 	733
f 684 	732 	733
f 686 	685 	734
f 685 	733 	734
f 687 	686 	735
f 686 	734 	735
f 688 	687 	736
f 687 	735 	736
f 689 	688 	737
f 688 	736 	737
f 690 	689 	738
f 689 	737 	738
f 691 	690 	739
f 690 	738 	739
f 692 	691 	740
f 691 	739 	740
f 693 	692 	741
f 692 	740 	741
f 694 	693 	742
f 693 	741 	742
f 695 	694 	743
f 694 	742 	743
f 696 	695 	744
f 695 	743 	744
f 697 	696 	745
f 696 	744 	745
f 698 	697 	746
f 697 	745 	746
f 699 	698 	747
f 698 	746 	747
f 700 	699 	748
f 699 	747 	748
f 701 	700 	749
f 700 	748 	749
f 702 	701 	750
f 701 	749 	750
f 703 	702 	751
f 702 	750 	751
f 704 	703 	752
f 703 	751 	752
f 705 	704 	753
f 704 	752 	753
f 706 	705 	754
f 705 	753 	754
f 707 	706 	755
f 706 	754 	755
f 708 	707 	756
f 707 	755 	756
f 709 	708 	757
f 708 	756 	757
f 710 	709 	758
f 709 	757 	758
f 711 	710 	759
f 710 	758 	759
f 712 	711 	760
f 711 	759 	760
f 713 	712 	761
f 712 	760 	761
f 714 	713 	762
f 713 	761 	762
f 715 	714 	763
f 714 	762 	763
f 716 	715 	764
f 715 	763 	764
f 717 	716 	765
f 716 	764 	765
f 718 	717 	766
f 717 	765 	766
f 719 	718 	767
f 718 	766 	767
f 720 	719 	768
f 719 	767 	768
f 721 	720 	769
f 720 	768 	769
f 675 	721 	723
f 721 	769 	723
f 722 	723 	770
f 723 	771 	770
f 724 	722 	772
f 722 	770 	772
f 725 	724 	773
f 724 	772 	773
f 726 	725 	774
f 725 	773 	774
f 727 	726 	775
f 726 	774 	775
f 728 	727 	776
f 727 	775 	776
f 729 	728 	777
f 728 	776 	777
f 730 	729 	778
f 729 	777 	778
f 731 	730 	779
f 730 	778 	779
f 732 	731 	780
f 731 	779 	780
f 733 	732 	781
f 732 	780 	781
f 734 	733 	782
f 733 	781 	782
f 735 	734 	783
f 734 	782 	783
f 736 	735 	784
f 735 	783 	784
f 737 	736 	785
f 736 	784 	785
f 738 	737 	786
f 737 	785 	786
f 739 	738 	787
f 738 	786 	787
f 740 	739 	788
f 739 	787 	788
f 741 	740 	789
f 740 	788 	789
f 742 	741 	790
f 741 	789 	790
f 743 	742 	791
f 742 	790 	791
f 744 	743 	792
f 743 	791 	792
f 745 	744 	793
f 744 	792 	793
f 746 	745 	794
f 745 	793 	794
f 747 	746 	795
f 746 	794 	795
f 748 	747 	796
f 747 	795 	796
f 749 	748 	797
f 748 	796 	797
f 750 	749 	798
f 749 	797 	798
f 751 	750 	799
f 750 	798 	799
f 752 	751 	800
f 751 	799 	800
f 753 	752 	801
f 752 	800 	801
f 754 	753 	802
f 753 	801 	802
f 755 	754 	803
f 754 	802 	803
f 756 	755 	804
f 755 	803 	804
f 757 	756 	805
f 756 	804 	805
f 758 	757 	806
f 757 	805 	806
f 759 	758 	807
f 758 	806 	807
f 760 	759 	808
f 759 	807 	808
f 761 	760 	809
f 760 	808 	809
f 762 	761 	810
f 761 	809 	810
f 763 	762 	811
f 762 	810 	811
f 764 	763 	812
f 763 	811 	812
f 765 	764 	813
f 764 	812 	813
f 766 	765 	814
f 765 	813 	814
f 767 	766 	815
f 766 	814 	815
f 768 	767 	816
f 767 	815 	816
f 769 	768 	817
f 768 	816 	817
f 723 	769 	771
f 769 	817 	771
f 770 	771 	818
f 771 	819 	818
f 772 	770 	820
f 770 	818 	820
f 773 	772 	821
f 772 	820 	821
f 774 	773 	822
f 773 	821 	822
f 775 	774 	823
f 774 	822 	823
f 776 	775 	824
f 775 	823 	824
f 777 	776 	825
f 776 	824 	825
f 778 	777 	826
f 777 	825 	826
f 779 	778 	827
f 778 	826 	827
f 780 	779 	828
f 779 	827 	828
f 781 	780 	829
f 780 	828 	829
f 782 	781 	830
f 781 	829 	830
f 783 	782 	831
f 782 	830 	831
f 784 	783 	832
f 783 	831 	832
f 785 	784 	833
f 784 	832 	833
f 786 	785 	834
f 785 	833 	834
f 787 	786 	835
f 786 	834 	835
f 788 	787 	836
f 787 	835 	836
f 789 	788 	837
f 788 	836 	837
f 790 	789 	838
f 789 	837 	838
f 791 	790 	839
f 790 	838 	839
f 792 	791 	840
f 791 	839 	840
f 793 	792 	841
f 792 	840 	841
f 794 	793 	842
f 793 	841 	842
f 795 	794 	843
f 794 	842 	843
f 796 	795 	844
f 795 	843 	844
f 797 	796 	845
f 796 	844 	845
f 798 	797 	846
f 797 	845 	846
f 799 	798 	847
f 798 	846 	847
f 800 	799 	848
f 799 	847 	848
f 801 	800 	849
f 800 	848 	849
f 802 	801 	850
f 801 	849 	850
f 803 	802 	851
f 802 	850 	851
f 804 	803 	852
f 803 	851 	852
f 805 	804 	853
f 804 	852 	853
f 806 	805 	854
f 805 	853 	854
f 807 	806 	855
f 806 	854 	855
f 808 	807 	856
f 807 	855 	856
f 809 	808 	857
f 808 	856 	857
f 810 	809 	858
f 809 	857 	858
f 811 	810 	859
f 810 	858 	859
f 812 	811 	860
f 811 	859 	860
f 813 	812 	861
f 812 	860 	861
f 814 	813 	862
f 813 	861 	862
f 815 	814 	863
f 814 	862 	863
f 816 	815 	864
f 815 	863 	864
f 817 	816 	865
f 816 	864 	865
f 771 	817 	819
f 817 	865 	819
f 818 	819 	866
f 819 	867 	866
f 820 	818 	868
f 818 	866 	868
f 821 	820 	869
f 820 	868 	869
f 822 	821 	870
f 821 	869 	870
f 823 	822 	871
f 822 	870 	871
f 824 	823 	872
f 823 	871 	872
f 825 	824 	873
f 824 	872 	873
f 826 	825 	874
f 825 	873 	874
f 827 	826 	875
f 826 	874 	875
f 828 	827 	876
f 827 	875 	876
f 829 	828 	877
f 828 	876 	877
f 830 	829 	878
f 829 	877 	878
f 831 	830 	879
f 830 	878 	879
f 832 	831 	880
f 831 	879 	880
f 833 	832 	881
f 832 	880 	881
f 834 	833 	882
f 833 	881 	882
f 835 	834 	883
f 834 	882 	883
f 836 	835 	884
f 835 	883 	884
f 837 	836 	885
f 836 	884 	885
f 838 	837 	886
f 837 	885 	886
f 839 	838 	887
f 838 	886 	887
f 840 	839 	888
f 839 	887 	888
f 841 	840 	889
f 840 	888 	889
f 842 	841 	890
f 841 	889 	890
f 843 	842 	891
f 842 	890 	891
f 844 	843 	892
f 843 	891 	892
f 845 	844 	893
f 844 	892 	893
f 846 	845 	894
f 845 	893 	894
f 847 	846 	895
f 846 	894 	895
f 848 	847 	896
f 847 	895 	896
f 849 	848 	897
f 848 	896 	897
f 850 	849 	898
f 849 	897 	898
f 851 	850 	899
f 850 	898 	899
f 852 	851 	900
f 851 	899 	900
f 853 	852 	901
f 852 	900 	901
f 854 	853 	902
f 853 	901 	902
f 855 	854 	903
f 854 	902 	903
f 856 	855 	904
f 855 	903 	904
f 857 	856 	905
f 856 	904 	905
f 858 	857 	906
f 857 	905 	906
f 859 	858 	907
f 858 	906 	907
f 860 	859 	908
f 859 	907 	908
f 861 	860 	909
f 860 	908 	909
f 862 	861 	910
f 861 	909 	910
f 863 	862 	911
f 862 	910 	911
f 864 	863 	912
f 863 	911 	912
f 865 	864 	913
f 864 	912 	913
f 819 	865 	867
f 865 	913 	867
f 866 	867 	914
f 867 	915 	914
f 868 	866 	916
f 866 	914 	916
f 869 	868 	917
f 868 	916 	917
f 870 	869 	918
f 869 	917 	918
f 871 	870 	919
f 870 	918 	919
f 872 	871 	920
f 871 	919 	920
f 873 	872 	921
f 872 	920 	921
f 874 	873 	922
f 873 	921 	922
f 875 	874 	923
f 874 	922 	923
f 876 	875 	924
f 875 	923 	924
f 877 	876 	925
f 876 	924 	925
f 878 	877 	926
f 877 	925 	926
f 879 	878 	927
f 878 	926 	927
f 880 	879 	928
f 879 	927 	928
f 881 	880 	929
f 880 	928 	929
f 882 	881 	930
f 881 	929 	930
f 883 	882 	931
f 882 	930 	931
f 884 	883 	932
f 883 	931 	932
f 885 	884 	933
f 884 	932 	933
f 886 	885 	934
f 885 	933 	934
f 887 	886 	935
f 886 	934 	935
f 888 	887 	936
f 887 	935 	936
f 889 	888 	937
f 888 	936 	937
f 890 	889 	938
f 889 	937 	938
f 891 	890 	939
f 890 	938 	939
f 892 	891 	940
f 891 	939 	940
f 893 	892 	941
f 892 	940 	941
f 894 	893 	942
f 893 	941 	942
f 895 	894 	943
f 894 	942 	943
f 896 	895 	944
f 895 	943 	944
f 897 	896 	945
f 896 	944 	945
f 898 	897 	946
f 897 	945 	946
f 899 	898 	947
f 898 	946 	947
f 900 	899 	948
f 899 	947 	948
f 901 	900 	949
f 900 	948 	949
f 902 	901 	950
f 901 	949 	950
f 903 	902 	951
f 902 	950 	951
f 904 	903 	952
f 903 	951 	952
f 905 	904 	953
f 904 	952 	953
f 906 	905 	954
f 905 	953 	954
f 907 	906 	955
f 906 	954 	955
f 908 	907 	956
f 907 	955 	956
f 909 	908 	957
f 908 	956 	957
f 910 	909 	958
f 909 	957 	958
f 911 	910 	959
f 910 	958 	959
f 912 	911 	960
f 911 	959 	960
f 913 	912 	961
f 912 	960 	961
f 867 	913 	915
f 913 	961 	915
f 914 	915 	962
f 915 	963 	962
f 916 	914 	964
f 914 	962 	964
f 917 	916 	965
f 916 	964 	965
f 918 	917 	966
f 917 	965 	966
f 919 	918 	967
f 918 	966 	967
f 920 	919 	968
f 919 	967 	968
f 921 	920 	969
f 920 	968 	969
f 922 	921 	970
f 921 	969 	970
f 923 	922 	971
f 922 	970 	971
f 924 	923 	972
f 923 	971 	972
f 925 	924 	973
f 924 	972 	973
f 926 	925 	974
f 925 	973 	974
f 927 	926 	975
f 926 	974 	975
f 928 	927 	976
f 927 	975 	976
f 929 	928 	977
f 928 	976 	977
f 930 	929 	978
f 929 	977 	978
f 931 	930 	979
f 930 	978 	979
f 932 	931 	980
f 931 	979 	980
f 933 	932 	981
f 932 	980 	981
f 934 	933 	982
f 933 	981 	982
f 935 	934 	983
f 934 	982 	983
f 936 	935 	984
f 935 	983 	984
f 937 	936 	985
f 936 	984 	985
f 938 	937 	986
f 937 	985 	986
f 939 	938 	987
f 938 	986 	987
f 940 	939 	988
f 939 	987 	988
f 941 	940 	989
f 940 	988 	989
f 942 	941 	990
f 941 	989 	990
f 943 	942 	991
f 942 	990 	991
f 944 	943 	992
f 943 	991 	992
f 945 	944 	993
f 944 	992 	993
f 946 	945 	994
f 945 	993 	994
f 947 	946 	995
f 946 	994 	995
f 948 	947 	996
f 947 	995 	996
f 949 	948 	997
f 948 	996 	997
f 950 	949 	998
f 949 	997 	998
f 951 	950 	999
f 950 	998 	999
f 952 	951 	1000
f 951 	999 	1000
f 953 	952 	1001
f 952 	1000 	1001
f 954 	953 	1002
f 953 	1001 	1002
f 955 	954 	1003
f 954 	1002 	1003
f 956 	955 	1004
f 955 	1003 	1004
f 957 	956 	1005
f 956 	1004 	1005
f 958 	957 	1006
f 957 	1005 	1006
f 959 	958 	1007
f 958 	1006 	1007
f 960 	959 	1008
f 959 	1007 	1008
f 961 	960 	1009
f 960 	1008 	1009
f 915 	961 	963
f 961 	1009 	963
f 962 	963 	1010
f 963 	1011 	1010
f 964 	962 	1012
f 962 	1010 	1012
f 965 	964 	1013
f 964 	1012 	1013
f 966 	965 	1014
f 965 	1013 	1014
f 967 	966 	1015
f 966 	1014 	1015
f 968 	967 	1016
f 967 	1015 	1016
f 969 	968 	1017
f 968 	1016 	1017
f 970 	969 	1018
f 969 	1017 	1018
f 971 	970 	1019
f 970 	1018 	1019
f 972 	971 	1020
f 971 	1019 	1020
f 973 	972 	1021
f 972 	1020 	1021
f 974 	973 	1022
f 973 	1021 	1022
f 975 	974 	1023
f 974 	1022 	1023
f 976 	975 	1024
f 975 	1023 	1024
f 977 	976 	1025
f 976 	1024 	1025
f 978 	977 	1026
f 977 	1025 	1026
f 979 	978 	1027
f 978 	1026 	1027
f 980 	979 	1028
f 979 	1027 	1028
f 981 	980 	1029
f 980 	1028 	1029
f 982 	981 	1030
f 981 	1029 	1030
f 983 	982 	1031
f 982 	1030 	1031
f 984 	983 	1032
f 983 	1031 	1032
f 985 	984 	1033
f 984 	1032 	1033
f 986 	985 	1034
f 985 	1033 	1034
f 987 	986 	1035
f 986 	1034 	1035
f 988 	987 	1036
f 987 	1035 	1036
f 989 	988 	1037
f 988 	1036 	1037
f 990 	989 	1038
f 989 	1037 	1038
f 991 	990 	1039
f 990 	1038 	1039
f 992 	991 	1040
f 991 	1039 	1040
f 993 	992 	1041
f 992 	1040 	1041
f 994 	993 	1042
f 993 	1041 	1042
f 995 	994 	1043
f 994 	1042 	1043
f 996 	995 	1044
f 995 	1043 	1044
f 997 	996 	1045
f 996 	1044 	1045
f 998 	997 	1046
f 997 	1045 	1046
f 999 	998 	1047
f 998 	1046 	1047
f 1000 	999 	1048
f 999 	1047 	1048
f 1001 	1000 	1049
f 1000 	1048 	1049
f 1002 	1001 	1050
f 1001 	1049 	1050
f 1003 	1002 	1051
f 1002 	1050 	1051
f 1004 	1003 	1052
f 1003 	1051 	1052
f 1005 	1004 	1053
f 1004 	1052 	1053
f 1006 	1005 	1054
f 1005 	1053 	1054
f 1007 	1006 	1055
f 1006 	1054 	1055
f 1008 	1007 	1056
f 1007 	1055 	1056
f 1009 	1008 	1057
f 1008 	1056 	1057
f 963 	1009 	1011
f 1009 	1057 	1011
f 1010 	1011 	1058
f 1011 	1059 	1058
f 1012 	1010 	1060
f 1010 	1058 	1060
f 1013 	1012 	1061
f 1012 	1060 	1061
f 1014 	1013 	1062
f 1013 	1061 	1062
f 1015 	1014 	1063
f 1014 	1062 	1063
f 1016 	1015 	1064
f 1015 	1063 	1064
f 1017 	1016 	1065
f 1016 	1064 	1065
f 1018 	1017 	1066
f 1017 	1065 	1066
f 1019 	1018 	1067
f 1018 	1066 	1067
f 1020 	1019 	1068
f 1019 	1067 	1068
f 1021 	1020 	1069
f 1020 	1068 	1069
f 1022 	1021 	1070
f 1021 	1069 	1070
f 1023 	1022 	1071
f 1022 	1070 	1071
f 1024 	1023 	1072
f 1023 	1071 	1072
f 1025 	1024 	1073
f 1024 	1072 	1073
f 1026 	1025 	1074
f 1025 	1073 	1074
f 1027 	1026 	1075
f 1026 	1074 	1075
f 1028 	1027 	1076
f 1027 	1075 	1076
f 1029 	1028 	1077
f 1028 	1076 	1077
f 1030 	1029 	1078
f 1029 	1077 	1078
f 1031 	1030 	1079
f 1030 	1078 	1079
f 1032 	1031 	1080
f 1031 	1079 	1080
f 1033 	1032 	1081
f 1032 	1080 	1081
f 1034 	1033 	1082
f 1033 	1081 	1082
f 1035 	1034 	1083
f 1034 	1082 	1083
f 1036 	1035 	1084
f 1035 	1083 	1084
f 1037 	1036 	1085
f 1036 	1084 	1085
f 1038 	1037 	1086
f 1037 	1085 	1086
f 1039 	1038 	1087
f 1038 	1086 	1087
f 1040 	1039 	1088
f 1039 	1087 	1088
f 1041 	1040 	1089
f 1040 	1088 	1089
f 1042 	1041 	1090
f 1041 	1089 	1090
f 1043 	1042 	1091
f 1042 	1090 	1091
f 1044 	1043 	1092
f 1043 	1091 	1092
f 1045 	1044 	1093
f 1044 	1092 	1093
f 1046 	1045 	1094
f 1045 	1093 	1094
f 1047 	1046 	1095
f 1046 	1094 	1095
f 1048 	1047 	1096
f 1047 	1095 	1096
f 1049 	1048 	1097
f 1048 	1096 	1097
f 1050 	1049 	1098
f 1049 	1097 	1098
f 1051 	1050 	1099
f 1050 	1098 	1099
f 1052 	1051 	1100
f 1051 	1099 	1100
f 1053 	1052 	1101
f 1052 	1100 	1101
f 1054 	1053 	1102
f 1053 	1101 	1102
f 1055 	1054 	1103
f 1054 	1102 	1103
f 1056 	1055 	1104
f 1055 	1103 	1104
f 1057 	1056 	1105
f 1056 	1104 	1105
f 1011 	1057 	1059
f 1057 	1105 	1059
f 1058 	1059 	1106
f 1060 	1058 	1106
f 1061 	1060 	1106
f 1062 	1061 	1106
f 1063 	1062 	1106
f 1064 	1063 	1106
f 1065 	1064 	1106
f 1066 	1065 	1106
f 1067 	1066 	1106
f 1068 	1067 	1106
f 1069 	1068 	1106
f 1070 	1069 	1106
f 1071 	1070 	1106
f 1072 	1071 	1106
f 1073 	1072 	1106
f 1074 	1073 	1106
f 1075 	1074 	1106
f 1076 	1075 	1106
f 1077 	1076 	1106
f 1078 	1077 	1106
f 1079 	1078 	1106
f 1080 	1079 	1106
f 1081 	1080 	1106
f 1082 	1081 	1106
f 1083 	1082 	1106
f 1084 	1083 	1106
f 1085 	1084 	1106
f 1086 	1085 	1106
f 1087 	1086 	1106
f 1088 	1087 	1106
f 1089 	1088 	1106
f 1090 	1089 	1106
f 1091 	1090 	1106
f 1092 	1091 	1106
f 1093 	1092 	1106
f 1094 	1093 	1106
f 1095 	1094 	1106
f 1096 	1095 	1106
f 1097 	1096 	1106
f 1098 	1097 	1106
f 1099 	1098 	1106
f 1100 	1099 	1106
f 1101 	1100 	1106
f 1102 	1101 	1106
f 1103 	1102 	1106
f 1104 	1103 	1106
f 1105 	1104 	1106
f 1059 	1105 	1106
# 2208 faces

 #end of obj_0

o obj_1
v -6.5 		-6.5 		12
v -6.5653 		-6.5 		11.9957
v -6.5647 		-6.5085 		11.9957
v -6.563 		-6.5169 		11.9957
v -6.5603 		-6.525 		11.9957
v -6.5565 		-6.5326 		11.9957
v -6.5518 		-6.5397 		11.9957
v -6.5461 		-6.5461 		11.9957
v -6.5397 		-6.5518 		11.9957
v -6.5326 		-6.5565 		11.9957
v -6.525 		-6.5603 		11.9957
v -6.5169 		-6.563 		11.9957
v -6.5085 		-6.5647 		11.9957
v -6.5 		-6.5653 		11.9957
v -6.4915 		-6.5647 		11.9957
v -6.4831 		-6.563 		11.9957
v -6.475 		-6.5603 		11.9957
v -6.4674 		-6.5565 		11.9957
v -6.4603 		-6.5518 		11.9957
v -6.4539 		-6.5461 		11.9957
v -6.4482 		-6.5397 		11.9957
v -6.4435 		-6.5326 		11.9957
v -6.4397 		-6.525 		11.9957
v -6.437 		-6.5169 		11.9957
v -6.4353 		-6.5085 		11.9957
v -6.4347 		-6.5 		11.9957
v -6.4353 		-6.4915 		11.9957
v -6.437 		-6.4831 		11.9957
v -6.4397 		-6.475 		11.9957
v -6.4435 		-6.4674 		11.9957
v -6.4482 		-6.4603 		11.9957
v -6.4539 		-6.4539 		11.9957
v -6.4603 		-6.4482 		11.9957
v -6.4674 		-6.4435 		11.9957
v -6.475 		-6.4397 		11.9957
v -6.4831 		-6.437 		11.9957
v -6.4915 		-6.4353 		11.9957
v -6.5 		-6.4347 		11.9957
v -6.5085 		-6.4353 		11.9957
v -6.5169 		-6.437 		11.9957
v -6.525 		-6.4397 		11.9957
v -6.5326 		-6.4435 		11.9957
v -6.5397 		-6.4482 		11.9957
v -6.5461 		-6.4539 		11.9957
v -6.5518 		-6.4603 		11.9957
v -6.5565 		-6.4674 		11.9957
v -6.5603 		-6.475 		11.9957
v -6.563 		-6.4831 		11.9957
v -6.5647 		-6.4915 		11.9957
v -6.6283 		-6.5169 		11.983
v -6.6294 		-6.5 		11.983
v -6.625 		-6.5335 		11.983
v -6.6196 		-6.5495 		11.983
v -6.6121 		-6.5647 		11.983
v -6.6027 		-6.5788 		11.983
v -6.5915 		-6.5915 		11.983
v -6.5788 		-6.6027 		11.983
v -6.5647 		-6.6121 		11.983
v -6.5495 		-6.6196 		11.983
v -6.5335 		-6.625 		11.983
v -6.5169 		-6.6283 		11.983
v -6.5 		-6.6294 		11.983
v -6.4831 		-6.6283 		11.983
v -6.4665 		-6.625 		11.983
v -6.4505 		-6.6196 		11.983
v -6.4353 		-6.6121 		11.983
v -6.4212 		-6.6027 		11.983
v -6.4085 		-6.5915 		11.983
v -6.3973 		-6.5788 		11.983
v -6.3879 		-6.5647 		11.983
v -6.3804 		-6.5495 		11.983
v -6.375 		-6.5335 		11.983
v -6.3717 		-6.5169 		11.983
v -6.3706 		-6.5 		11.983
v -6.3717 		-6.4831 		11.983
v -6.375 		-6.4665 		11.983
v -6.3804 		-6.4505 		11.983
v -6.3879 		-6.4353 		11.983
v -6.3973 		-6.4212 		11.983
v -6.4085 		-6.4085 		11.983
v -6.4212 		-6.3973 		11.983
v -6.4353 		-6.3879 		11.983
v -6.4505 		-6.3804 		11.983
v -6.4665 		-6.375 		11.983
v -6.4831 		-6.3717 		11.983
v -6.5 		-6.3706 		11.983
v -6.5169 		-6.3717 		11.983
v -6.5335 		-6.375 		11.983
v -6.5495 		-6.3804 		11.983
v -6.5647 		-6.3879 		11.983
v -6.5788 		-6.3973 		11.983
v -6.5915 		-6.4085 		11.983
v -6.6027 		-6.4212 		11.983
v -6.6121 		-6.4353 		11.983
v -6.6196 		-6.4505 		11.983
v -6.625 		-6.4665 		11.983
v -6.6283 		-6.4831 		11.983
v -6.6897 		-6.525 		11.9619
v -6.6913 		-6.5 		11.9619
v -6.6848 		-6.5495 		11.9619
v -6.6768 		-6.5732 		11.9619
v -6.6657 		-6.5957 		11.9619
v -6.6518 		-6.6165 		11.9619
v -6.6353 		-6.6353 		11.9619
v -6.6165 		-6.6518 		11.9619
v -6.5957 		-6.6657 		11.9619
v -6.5732 		-6.6768 		11.9619
v -6.5495 		-6.6848 		11.9619
v -6.525 		-6.6897 		11.9619
v -6.5 		-6.6913 		11.9619
v -6.475 		-6.6897 		11.9619
v -6.4505 		-6.6848 		11.9619
v -6.4268 		-6.6768 		11.9619
v -6.4043 		-6.6657 		11.9619
v -6.3835 		-6.6518 		11.9619
v -6.3647 		-6.6353 		11.9619
v -6.3482 		-6.6165 		11.9619
v -6.3343 		-6.5957 		11.9619
v -6.3232 		-6.5732 		11.9619
v -6.3152 		-6.5495 		11.9619
v -6.3103 		-6.525 		11.9619
v -6.3087 		-6.5 		11.9619
v -6.3103 		-6.475 		11.9619
v -6.3152 		-6.4505 		11.9619
v -6.3232 		-6.4268 		11.9619
v -6.3343 		-6.4043 		11.9619
v -6.3482 		-6.3835 		11.9619
v -6.3647 		-6.3647 		11.9619
v -6.3835 		-6.3482 		11.9619
v -6.4043 		-6.3343 		11.9619
v -6.4268 		-6.3232 		11.9619
v -6.4505 		-6.3152 		11.9619
v -6.475 		-6.3103 		11.9619
v -6.5 		-6.3087 		11.9619
v -6.525 		-6.3103 		11.9619
v -6.5495 		-6.3152 		11.9619
v -6.5732 		-6.3232 		11.9619
v -6.5957 		-6.3343 		11.9619
v -6.6165 		-6.3482 		11.9619
v -6.6353 		-6.3647 		11.9619
v -6.6518 		-6.3835 		11.9619
v -6.6657 		-6.4043 		11.9619
v -6.6768 		-6.4268 		11.9619
v -6.6848 		-6.4505 		11.9619
v -6.6897 		-6.475 		11.9619
v -6.7479 		-6.5326 		11.933
v -6.75 		-6.5 		11.933
v -6.7415 		-6.5647 		11.933
v -6.731 		-6.5957 		11.933
v -6.7165 		-6.625 		11.933
v -6.6983 		-6.6522 		11.933
v -6.6768 		-6.6768 		11.933
v -6.6522 		-6.6983 		11.933
v -6.625 		-6.7165 		11.933
v -6.5957 		-6.731 		11.933
v -6.5647 		-6.7415 		11.933
v -6.5326 		-6.7479 		11.933
v -6.5 		-6.75 		11.933
v -6.4674 		-6.7479 		11.933
v -6.4353 		-6.7415 		11.933
v -6.4043 		-6.731 		11.933
v -6.375 		-6.7165 		11.933
v -6.3478 		-6.6983 		11.933
v -6.3232 		-6.6768 		11.933
v -6.3017 		-6.6522 		11.933
v -6.2835 		-6.625 		11.933
v -6.269 		-6.5957 		11.933
v -6.2585 		-6.5647 		11.933
v -6.2521 		-6.5326 		11.933
v -6.25 		-6.5 		11.933
v -6.2521 		-6.4674 		11.933
v -6.2585 		-6.4353 		11.933
v -6.269 		-6.4043 		11.933
v -6.2835 		-6.375 		11.933
v -6.3017 		-6.3478 		11.933
v -6.3232 		-6.3232 		11.933
v -6.3478 		-6.3017 		11.933
v -6.375 		-6.2835 		11.933
v -6.4043 		-6.269 		11.933
v -6.4353 		-6.2585 		11.933
v -6.4674 		-6.2521 		11.933
v -6.5 		-6.25 		11.933
v -6.5326 		-6.2521 		11.933
v -6.5647 		-6.2585 		11.933
v -6.5957 		-6.269 		11.933
v -6.625 		-6.2835 		11.933
v -6.6522 		-6.3017 		11.933
v -6.6768 		-6.3232 		11.933
v -6.6983 		-6.3478 		11.933
v -6.7165 		-6.375 		11.933
v -6.731 		-6.4043 		11.933
v -6.7415 		-6.4353 		11.933
v -6.7479 		-6.4674 		11.933
v -6.8018 		-6.5397 		11.8967
v -6.8044 		-6.5 		11.8967
v -6.794 		-6.5788 		11.8967
v -6.7812 		-6.6165 		11.8967
v -6.7636 		-6.6522 		11.8967
v -6.7415 		-6.6853 		11.8967
v -6.7152 		-6.7152 		11.8967
v -6.6853 		-6.7415 		11.8967
v -6.6522 		-6.7636 		11.8967
v -6.6165 		-6.7812 		11.8967
v -6.5788 		-6.794 		11.8967
v -6.5397 		-6.8018 		11.8967
v -6.5 		-6.8044 		11.8967
v -6.4603 		-6.8018 		11.8967
v -6.4212 		-6.794 		11.8967
v -6.3835 		-6.7812 		11.8967
v -6.3478 		-6.7636 		11.8967
v -6.3147 		-6.7415 		11.8967
v -6.2848 		-6.7152 		11.8967
v -6.2585 		-6.6853 		11.8967
v -6.2364 		-6.6522 		11.8967
v -6.2188 		-6.6165 		11.8967
v -6.206 		-6.5788 		11.8967
v -6.1982 		-6.5397 		11.8967
v -6.1956 		-6.5 		11.8967
v -6.1982 		-6.4603 		11.8967
v -6.206 		-6.4212 		11.8967
v -6.2188 		-6.3835 		11.8967
v -6.2364 		-6.3478 		11.8967
v -6.2585 		-6.3147 		11.8967
v -6.2848 		-6.2848 		11.8967
v -6.3147 		-6.2585 		11.8967
v -6.3478 		-6.2364 		11.8967
v -6.3835 		-6.2188 		11.8967
v -6.4212 		-6.206 		11.8967
v -6.4603 		-6.1982 		11.8967
v -6.5 		-6.1956 		11.8967
v -6.5397 		-6.1982 		11.8967
v -6.5788 		-6.206 		11.8967
v -6.6165 		-6.2188 		11.8967
v -6.6522 		-6.2364 		11.8967
v -6.6853 		-6.2585 		11.8967
v -6.7152 		-6.2848 		11.8967
v -6.7415 		-6.3147 		11.8967
v -6.7636 		-6.3478 		11.8967
v -6.7812 		-6.3835 		11.8967
v -6.794 		-6.4212 		11.8967
v -6.8018 		-6.4603 		11.8967
v -6.8505 		-6.5461 		11.8536
v -6.8536 		-6.5 		11.8536
v -6.8415 		-6.5915 		11.8536
v -6.8266 		-6.6353 		11.8536
v -6.8062 		-6.6768 		11.8536
v -6.7805 		-6.7152 		11.8536
v -6.75 		-6.75 		11.8536
v -6.7152 		-6.7805 		11.8536
v -6.6768 		-6.8062 		11.8536
v -6.6353 		-6.8266 		11.8536
v -6.5915 		-6.8415 		11.8536
v -6.5461 		-6.8505 		11.8536
v -6.5 		-6.8536 		11.8536
v -6.4539 		-6.8505 		11.8536
v -6.4085 		-6.8415 		11.8536
v -6.3647 		-6.8266 		11.8536
v -6.3232 		-6.8062 		11.8536
v -6.2848 		-6.7805 		11.8536
v -6.25 		-6.75 		11.8536
v -6.2195 		-6.7152 		11.8536
v -6.1938 		-6.6768 		11.8536
v -6.1734 		-6.6353 		11.8536
v -6.1585 		-6.5915 		11.8536
v -6.1495 		-6.5461 		11.8536
v -6.1464 		-6.5 		11.8536
v -6.1495 		-6.4539 		11.8536
v -6.1585 		-6.4085 		11.8536
v -6.1734 		-6.3647 		11.8536
v -6.1938 		-6.3232 		11.8536
v -6.2195 		-6.2848 		11.8536
v -6.25 		-6.25 		11.8536
v -6.2848 		-6.2195 		11.8536
v -6.3232 		-6.1938 		11.8536
v -6.3647 		-6.1734 		11.8536
v -6.4085 		-6.1585 		11.8536
v -6.4539 		-6.1495 		11.8536
v -6.5 		-6.1464 		11.8536
v -6.5461 		-6.1495 		11.8536
v -6.5915 		-6.1585 		11.8536
v -6.6353 		-6.1734 		11.8536
v -6.6768 		-6.1938 		11.8536
v -6.7152 		-6.2195 		11.8536
v -6.75 		-6.25 		11.8536
v -6.7805 		-6.2848 		11.8536
v -6.8062 		-6.3232 		11.8536
v -6.8266 		-6.3647 		11.8536
v -6.8415 		-6.4085 		11.8536
v -6.8505 		-6.4539 		11.8536
v -6.8933 		-6.5518 		11.8044
v -6.8967 		-6.5 		11.8044
v -6.8832 		-6.6027 		11.8044
v -6.8665 		-6.6518 		11.8044
v -6.8435 		-6.6983 		11.8044
v -6.8147 		-6.7415 		11.8044
v -6.7805 		-6.7805 		11.8044
v -6.7415 		-6.8147 		11.8044
v -6.6983 		-6.8435 		11.8044
v -6.6518 		-6.8665 		11.8044
v -6.6027 		-6.8832 		11.8044
v -6.5518 		-6.8933 		11.8044
v -6.5 		-6.8967 		11.8044
v -6.4482 		-6.8933 		11.8044
v -6.3973 		-6.8832 		11.8044
v -6.3482 		-6.8665 		11.8044
v -6.3017 		-6.8435 		11.8044
v -6.2585 		-6.8147 		11.8044
v -6.2195 		-6.7805 		11.8044
v -6.1853 		-6.7415 		11.8044
v -6.1565 		-6.6983 		11.8044
v -6.1335 		-6.6518 		11.8044
v -6.1168 		-6.6027 		11.8044
v -6.1067 		-6.5518 		11.8044
v -6.1033 		-6.5 		11.8044
v -6.1067 		-6.4482 		11.8044
v -6.1168 		-6.3973 		11.8044
v -6.1335 		-6.3482 		11.8044
v -6.1565 		-6.3017 		11.8044
v -6.1853 		-6.2585 		11.8044
v -6.2195 		-6.2195 		11.8044
v -6.2585 		-6.1853 		11.8044
v -6.3017 		-6.1565 		11.8044
v -6.3482 		-6.1335 		11.8044
v -6.3973 		-6.1168 		11.8044
v -6.4482 		-6.1067 		11.8044
v -6.5 		-6.1033 		11.8044
v -6.5518 		-6.1067 		11.8044
v -6.6027 		-6.1168 		11.8044
v -6.6518 		-6.1335 		11.8044
v -6.6983 		-6.1565 		11.8044
v -6.7415 		-6.1853 		11.8044
v -6.7805 		-6.2195 		11.8044
v -6.8147 		-6.2585 		11.8044
v -6.8435 		-6.3017 		11.8044
v -6.8665 		-6.3482 		11.8044
v -6.8832 		-6.3973 		11.8044
v -6.8933 		-6.4482 		11.8044
v -6.9293 		-6.5565 		11.75
v -6.933 		-6.5 		11.75
v -6.9183 		-6.6121 		11.75
v -6.9001 		-6.6657 		11.75
v -6.875 		-6.7165 		11.75
v -6.8435 		-6.7636 		11.75
v -6.8062 		-6.8062 		11.75
v -6.7636 		-6.8435 		11.75
v -6.7165 		-6.875 		11.75
v -6.6657 		-6.9001 		11.75
v -6.6121 		-6.9183 		11.75
v -6.5565 		-6.9293 		11.75
v -6.5 		-6.933 		11.75
v -6.4435 		-6.9293 		11.75
v -6.3879 		-6.9183 		11.75
v -6.3343 		-6.9001 		11.75
v -6.2835 		-6.875 		11.75
v -6.2364 		-6.8435 		11.75
v -6.1938 		-6.8062 		11.75
v -6.1565 		-6.7636 		11.75
v -6.125 		-6.7165 		11.75
v -6.0999 		-6.6657 		11.75
v -6.0817 		-6.6121 		11.75
v -6.0707 		-6.5565 		11.75
v -6.067 		-6.5 		11.75
v -6.0707 		-6.4435 		11.75
v -6.0817 		-6.3879 		11.75
v -6.0999 		-6.3343 		11.75
v -6.125 		-6.2835 		11.75
v -6.1565 		-6.2364 		11.75
v -6.1938 		-6.1938 		11.75
v -6.2364 		-6.1565 		11.75
v -6.2835 		-6.125 		11.75
v -6.3343 		-6.0999 		11.75
v -6.3879 		-6.0817 		11.75
v -6.4435 		-6.0707 		11.75
v -6.5 		-6.067 		11.75
v -6.5565 		-6.0707 		11.75
v -6.6121 		-6.0817 		11.75
v -6.6657 		-6.0999 		11.75
v -6.7165 		-6.125 		11.75
v -6.7636 		-6.1565 		11.75
v -6.8062 		-6.1938 		11.75
v -6.8435 		-6.2364 		11.75
v -6.875 		-6.2835 		11.75
v -6.9001 		-6.3343 		11.75
v -6.9183 		-6.3879 		11.75
v -6.9293 		-6.4435 		11.75
v -6.958 		-6.5603 		11.6913
v -6.9619 		-6.5 		11.6913
v -6.9462 		-6.6196 		11.6913
v -6.9268 		-6.6768 		11.6913
v -6.9001 		-6.731 		11.6913
v -6.8665 		-6.7812 		11.6913
v -6.8266 		-6.8266 		11.6913
v -6.7812 		-6.8665 		11.6913
v -6.731 		-6.9001 		11.6913
v -6.6768 		-6.9268 		11.6913
v -6.6196 		-6.9462 		11.6913
v -6.5603 		-6.958 		11.6913
v -6.5 		-6.9619 		11.6913
v -6.4397 		-6.958 		11.6913
v -6.3804 		-6.9462 		11.6913
v -6.3232 		-6.9268 		11.6913
v -6.269 		-6.9001 		11.6913
v -6.2188 		-6.8665 		11.6913
v -6.1734 		-6.8266 		11.6913
v -6.1335 		-6.7812 		11.6913
v -6.0999 		-6.731 		11.6913
v -6.0732 		-6.6768 		11.6913
v -6.0538 		-6.6196 		11.6913
v -6.042 		-6.5603 		11.6913
v -6.0381 		-6.5 		11.6913
v -6.042 		-6.4397 		11.6913
v -6.0538 		-6.3804 		11.6913
v -6.0732 		-6.3232 		11.6913
v -6.0999 		-6.269 		11.6913
v -6.1335 		-6.2188 		11.6913
v -6.1734 		-6.1734 		11.6913
v -6.2188 		-6.1335 		11.6913
v -6.269 		-6.0999 		11.6913
v -6.3232 		-6.0732 		11.6913
v -6.3804 		-6.0538 		11.6913
v -6.4397 		-6.042 		11.6913
v -6.5 		-6.0381 		11.6913
v -6.5603 		-6.042 		11.6913
v -6.6196 		-6.0538 		11.6913
v -6.6768 		-6.0732 		11.6913
v -6.731 		-6.0999 		11.6913
v -6.7812 		-6.1335 		11.6913
v -6.8266 		-6.1734 		11.6913
v -6.8665 		-6.2188 		11.6913
v -6.9001 		-6.269 		11.6913
v -6.9268 		-6.3232 		11.6913
v -6.9462 		-6.3804 		11.6913
v -6.958 		-6.4397 		11.6913
v -6.9788 		-6.563 		11.6294
v -6.983 		-6.5 		11.6294
v -6.9665 		-6.625 		11.6294
v -6.9462 		-6.6848 		11.6294
v -6.9183 		-6.7415 		11.6294
v -6.8832 		-6.794 		11.6294
v -6.8415 		-6.8415 		11.6294
v -6.794 		-6.8832 		11.6294
v -6.7415 		-6.9183 		11.6294
v -6.6848 		-6.9462 		11.6294
v -6.625 		-6.9665 		11.6294
v -6.563 		-6.9788 		11.6294
v -6.5 		-6.983 		11.6294
v -6.437 		-6.9788 		11.6294
v -6.375 		-6.9665 		11.6294
v -6.3152 		-6.9462 		11.6294
v -6.2585 		-6.9183 		11.6294
v -6.206 		-6.8832 		11.6294
v -6.1585 		-6.8415 		11.6294
v -6.1168 		-6.794 		11.6294
v -6.0817 		-6.7415 		11.6294
v -6.0538 		-6.6848 		11.6294
v -6.0335 		-6.625 		11.6294
v -6.0212 		-6.563 		11.6294
v -6.017 		-6.5 		11.6294
v -6.0212 		-6.437 		11.6294
v -6.0335 		-6.375 		11.6294
v -6.0538 		-6.3152 		11.6294
v -6.0817 		-6.2585 		11.6294
v -6.1168 		-6.206 		11.6294
v -6.1585 		-6.1585 		11.6294
v -6.206 		-6.1168 		11.6294
v -6.2585 		-6.0817 		11.6294
v -6.3152 		-6.0538 		11.6294
v -6.375 		-6.0335 		11.6294
v -6.437 		-6.0212 		11.6294
v -6.5 		-6.017 		11.6294
v -6.563 		-6.0212 		11.6294
v -6.625 		-6.0335 		11.6294
v -6.6848 		-6.0538 		11.6294
v -6.7415 		-6.0817 		11.6294
v -6.794 		-6.1168 		11.6294
v -6.8415 		-6.1585 		11.6294
v -6.8832 		-6.206 		11.6294
v -6.9183 		-6.2585 		11.6294
v -6.9462 		-6.3152 		11.6294
v -6.9665 		-6.375 		11.6294
v -6.9788 		-6.437 		11.6294
v -6.9915 		-6.5647 		11.5653
v -6.9957 		-6.5 		11.5653
v -6.9788 		-6.6283 		11.5653
v -6.958 		-6.6897 		11.5653
v -6.9293 		-6.7479 		11.5653
v -6.8933 		-6.8018 		11.5653
v -6.8505 		-6.8505 		11.5653
v -6.8018 		-6.8933 		11.5653
v -6.7479 		-6.9293 		11.5653
v -6.6897 		-6.958 		11.5653
v -6.6283 		-6.9788 		11.5653
v -6.5647 		-6.9915 		11.5653
v -6.5 		-6.9957 		11.5653
v -6.4353 		-6.9915 		11.5653
v -6.3717 		-6.9788 		11.5653
v -6.3103 		-6.958 		11.5653
v -6.2521 		-6.9293 		11.5653
v -6.1982 		-6.8933 		11.5653
v -6.1495 		-6.8505 		11.5653
v -6.1067 		-6.8018 		11.5653
v -6.0707 		-6.7479 		11.5653
v -6.042 		-6.6897 		11.5653
v -6.0212 		-6.6283 		11.5653
v -6.0085 		-6.5647 		11.5653
v -6.0043 		-6.5 		11.5653
v -6.0085 		-6.4353 		11.5653
v -6.0212 		-6.3717 		11.5653
v -6.042 		-6.3103 		11.5653
v -6.0707 		-6.2521 		11.5653
v -6.1067 		-6.1982 		11.5653
v -6.1495 		-6.1495 		11.5653
v -6.1982 		-6.1067 		11.5653
v -6.2521 		-6.0707 		11.5653
v -6.3103 		-6.042 		11.5653
v -6.3717 		-6.0212 		11.5653
v -6.4353 		-6.0085 		11.5653
v -6.5 		-6.0043 		11.5653
v -6.5647 		-6.0085 		11.5653
v -6.6283 		-6.0212 		11.5653
v -6.6897 		-6.042 		11.5653
v -6.7479 		-6.0707 		11.5653
v -6.8018 		-6.1067 		11.5653
v -6.8505 		-6.1495 		11.5653
v -6.8933 		-6.1982 		11.5653
v -6.9293 		-6.2521 		11.5653
v -6.958 		-6.3103 		11.5653
v -6.9788 		-6.3717 		11.5653
v -6.9915 		-6.4353 		11.5653
v -6.9957 		-6.5653 		11.5
v -7 		-6.5 		11.5
v -6.983 		-6.6294 		11.5
v -6.9619 		-6.6913 		11.5
v -6.933 		-6.75 		11.5
v -6.8967 		-6.8044 		11.5
v -6.8536 		-6.8536 		11.5
v -6.8044 		-6.8967 		11.5
v -6.75 		-6.933 		11.5
v -6.6913 		-6.9619 		11.5
v -6.6294 		-6.983 		11.5
v -6.5653 		-6.9957 		11.5
v -6.5 		-7 		11.5
v -6.4347 		-6.9957 		11.5
v -6.3706 		-6.983 		11.5
v -6.3087 		-6.9619 		11.5
v -6.25 		-6.933 		11.5
v -6.1956 		-6.8967 		11.5
v -6.1464 		-6.8536 		11.5
v -6.1033 		-6.8044 		11.5
v -6.067 		-6.75 		11.5
v -6.0381 		-6.6913 		11.5
v -6.017 		-6.6294 		11.5
v -6.0043 		-6.5653 		11.5
v -6 		-6.5 		11.5
v -6.0043 		-6.4347 		11.5
v -6.017 		-6.3706 		11.5
v -6.0381 		-6.3087 		11.5
v -6.067 		-6.25 		11.5
v -6.1033 		-6.1956 		11.5
v -6.1464 		-6.1464 		11.5
v -6.1956 		-6.1033 		11.5
v -6.25 		-6.067 		11.5
v -6.3087 		-6.0381 		11.5
v -6.3706 		-6.017 		11.5
v -6.4347 		-6.0043 		11.5
v -6.5 		-6 		11.5
v -6.5653 		-6.0043 		11.5
v -6.6294 		-6.017 		11.5
v -6.6913 		-6.0381 		11.5
v -6.75 		-6.067 		11.5
v -6.8044 		-6.1033 		11.5
v -6.8536 		-6.1464 		11.5
v -6.8967 		-6.1956 		11.5
v -6.933 		-6.25 		11.5
v -6.9619 		-6.3087 		11.5
v -6.983 		-6.3706 		11.5
v -6.9957 		-6.4347 		11.5
v -6.9915 		-6.5647 		11.4347
v -6.9957 		-6.5 		11.4347
v -6.9788 		-6.6283 		11.4347
v -6.958 		-6.6897 		11.4347
v -6.9293 		-6.7479 		11.4347
v -6.8933 		-6.8018 		11.4347
v -6.8505 		-6.8505 		11.4347
v -6.8018 		-6.8933 		11.4347
v -6.7479 		-6.9293 		11.4347
v -6.6897 		-6.958 		11.4347
v -6.6283 		-6.9788 		11.4347
v -6.5647 		-6.9915 		11.4347
v -6.5 		-6.9957 		11.4347
v -6.4353 		-6.9915 		11.4347
v -6.3717 		-6.9788 		11.4347
v -6.3103 		-6.958 		11.4347
v -6.2521 		-6.9293 		11.4347
v -6.1982 		-6.8933 		11.4347
v -6.1495 		-6.8505 		11.4347
v -6.1067 		-6.8018 		11.4347
v -6.0707 		-6.7479 		11.4347
v -6.042 		-6.6897 		11.4347
v -6.0212 		-6.6283 		11.4347
v -6.0085 		-6.5647 		11.4347
v -6.0043 		-6.5 		11.4347
v -6.0085 		-6.4353 		11.4347
v -6.0212 		-6.3717 		11.4347
v -6.042 		-6.3103 		11.4347
v -6.0707 		-6.2521 		11.4347
v -6.1067 		-6.1982 		11.4347
v -6.1495 		-6.1495 		11.4347
v -6.1982 		-6.1067 		11.4347
v -6.2521 		-6.0707 		11.4347
v -6.3103 		-6.042 		11.4347
v -6.3717 		-6.0212 		11.4347
v -6.4353 		-6.0085 		11.4347
v -6.5 		-6.0043 		11.4347
v -6.5647 		-6.0085 		11.4347
v -6.6283 		-6.0212 		11.4347
v -6.6897 		-6.042 		11.4347
v -6.7479 		-6.0707 		11.4347
v -6.8018 		-6.1067 		11.4347
v -6.8505 		-6.1495 		11.4347
v -6.8933 		-6.1982 		11.4347
v -6.9293 		-6.2521 		11.4347
v -6.958 		-6.3103 		11.4347
v -6.9788 		-6.3717 		11.4347
v -6.9915 		-6.4353 		11.4347
v -6.9788 		-6.563 		11.3706
v -6.983 		-6.5 		11.3706
v -6.9665 		-6.625 		11.3706
v -6.9462 		-6.6848 		11.3706
v -6.9183 		-6.7415 		11.3706
v -6.8832 		-6.794 		11.3706
v -6.8415 		-6.8415 		11.3706
v -6.794 		-6.8832 		11.3706
v -6.7415 		-6.9183 		11.3706
v -6.6848 		-6.9462 		11.3706
v -6.625 		-6.9665 		11.3706
v -6.563 		-6.9788 		11.3706
v -6.5 		-6.983 		11.3706
v -6.437 		-6.9788 		11.3706
v -6.375 		-6.9665 		11.3706
v -6.3152 		-6.9462 		11.3706
v -6.2585 		-6.9183 		11.3706
v -6.206 		-6.8832 		11.3706
v -6.1585 		-6.8415 		11.3706
v -6.1168 		-6.794 		11.3706
v -6.0817 		-6.7415 		11.3706
v -6.0538 		-6.6848 		11.3706
v -6.0335 		-6.625 		11.3706
v -6.0212 		-6.563 		11.3706
v -6.017 		-6.5 		11.3706
v -6.0212 		-6.437 		11.3706
v -6.0335 		-6.375 		11.3706
v -6.0538 		-6.3152 		11.3706
v -6.0817 		-6.2585 		11.3706
v -6.1168 		-6.206 		11.3706
v -6.1585 		-6.1585 		11.3706
v -6.206 		-6.1168 		11.3706
v -6.2585 		-6.0817 		11.3706
v -6.3152 		-6.0538 		11.3706
v -6.375 		-6.0335 		11.3706
v -6.437 		-6.0212 		11.3706
v -6.5 		-6.017 		11.3706
v -6.563 		-6.0212 		11.3706
v -6.625 		-6.0335 		11.3706
v -6.6848 		-6.0538 		11.3706
v -6.7415 		-6.0817 		11.3706
v -6.794 		-6.1168 		11.3706
v -6.8415 		-6.1585 		11.3706
v -6.8832 		-6.206 		11.3706
v -6.9183 		-6.2585 		11.3706
v -6.9462 		-6.3152 		11.3706
v -6.9665 		-6.375 		11.3706
v -6.9788 		-6.437 		11.3706
v -6.958 		-6.5603 		11.3087
v -6.9619 		-6.5 		11.3087
v -6.9462 		-6.6196 		11.3087
v -6.9268 		-6.6768 		11.3087
v -6.9001 		-6.731 		11.3087
v -6.8665 		-6.7812 		11.3087
v -6.8266 		-6.8266 		11.3087
v -6.7812 		-6.8665 		11.3087
v -6.731 		-6.9001 		11.3087
v -6.6768 		-6.9268 		11.3087
v -6.6196 		-6.9462 		11.3087
v -6.5603 		-6.958 		11.3087
v -6.5 		-6.9619 		11.3087
v -6.4397 		-6.958 		11.3087
v -6.3804 		-6.9462 		11.3087
v -6.3232 		-6.9268 		11.3087
v -6.269 		-6.9001 		11.3087
v -6.2188 		-6.8665 		11.3087
v -6.1734 		-6.8266 		11.3087
v -6.1335 		-6.7812 		11.3087
v -6.0999 		-6.731 		11.3087
v -6.0732 		-6.6768 		11.3087
v -6.0538 		-6.6196 		11.3087
v -6.042 		-6.5603 		11.3087
v -6.0381 		-6.5 		11.3087
v -6.042 		-6.4397 		11.3087
v -6.0538 		-6.3804 		11.3087
v -6.0732 		-6.3232 		11.3087
v -6.0999 		-6.269 		11.3087
v -6.1335 		-6.2188 		11.3087
v -6.1734 		-6.1734 		11.3087
v -6.2188 		-6.1335 		11.3087
v -6.269 		-6.0999 		11.3087
v -6.3232 		-6.0732 		11.3087
v -6.3804 		-6.0538 		11.3087
v -6.4397 		-6.042 		11.3087
v -6.5 		-6.0381 		11.3087
v -6.5603 		-6.042 		11.3087
v -6.6196 		-6.0538 		11.3087
v -6.6768 		-6.0732 		11.3087
v -6.731 		-6.0999 		11.3087
v -6.7812 		-6.1335 		11.3087
v -6.8266 		-6.1734 		11.3087
v -6.8665 		-6.2188 		11.3087
v -6.9001 		-6.269 		11.3087
v -6.9268 		-6.3232 		11.3087
v -6.9462 		-6.3804 		11.3087
v -6.958 		-6.4397 		11.3087
v -6.9293 		-6.5565 		11.25
v -6.933 		-6.5 		11.25
v -6.9183 		-6.6121 		11.25
v -6.9001 		-6.6657 		11.25
v -6.875 		-6.7165 		11.25
v -6.8435 		-6.7636 		11.25
v -6.8062 		-6.8062 		11.25
v -6.7636 		-6.8435 		11.25
v -6.7165 		-6.875 		11.25
v -6.6657 		-6.9001 		11.25
v -6.6121 		-6.9183 		11.25
v -6.5565 		-6.9293 		11.25
v -6.5 		-6.933 		11.25
v -6.4435 		-6.9293 		11.25
v -6.3879 		-6.9183 		11.25
v -6.3343 		-6.9001 		11.25
v -6.2835 		-6.875 		11.25
v -6.2364 		-6.8435 		11.25
v -6.1938 		-6.8062 		11.25
v -6.1565 		-6.7636 		11.25
v -6.125 		-6.7165 		11.25
v -6.0999 		-6.6657 		11.25
v -6.0817 		-6.6121 		11.25
v -6.0707 		-6.5565 		11.25
v -6.067 		-6.5 		11.25
v -6.0707 		-6.4435 		11.25
v -6.0817 		-6.3879 		11.25
v -6.0999 		-6.3343 		11.25
v -6.125 		-6.2835 		11.25
v -6.1565 		-6.2364 		11.25
v -6.1938 		-6.1938 		11.25
v -6.2364 		-6.1565 		11.25
v -6.2835 		-6.125 		11.25
v -6.3343 		-6.0999 		11.25
v -6.3879 		-6.0817 		11.25
v -6.4435 		-6.0707 		11.25
v -6.5 		-6.067 		11.25
v -6.5565 		-6.0707 		11.25
v -6.6121 		-6.0817 		11.25
v -6.6657 		-6.0999 		11.25
v -6.7165 		-6.125 		11.25
v -6.7636 		-6.1565 		11.25
v -6.8062 		-6.1938 		11.25
v -6.8435 		-6.2364 		11.25
v -6.875 		-6.2835 		11.25
v -6.9001 		-6.3343 		11.25
v -6.9183 		-6.3879 		11.25
v -6.9293 		-6.4435 		11.25
v -6.8933 		-6.5518 		11.1956
v -6.8967 		-6.5 		11.1956
v -6.8832 		-6.6027 		11.1956
v -6.8665 		-6.6518 		11.1956
v -6.8435 		-6.6983 		11.1956
v -6.8147 		-6.7415 		11.1956
v -6.7805 		-6.7805 		11.1956
v -6.7415 		-6.8147 		11.1956
v -6.6983 		-6.8435 		11.1956
v -6.6518 		-6.8665 		11.1956
v -6.6027 		-6.8832 		11.1956
v -6.5518 		-6.8933 		11.1956
v -6.5 		-6.8967 		11.1956
v -6.4482 		-6.8933 		11.1956
v -6.3973 		-6.8832 		11.1956
v -6.3482 		-6.8665 		11.1956
v -6.3017 		-6.8435 		11.1956
v -6.2585 		-6.8147 		11.1956
v -6.2195 		-6.7805 		11.1956
v -6.1853 		-6.7415 		11.1956
v -6.1565 		-6.6983 		11.1956
v -6.1335 		-6.6518 		11.1956
v -6.1168 		-6.6027 		11.1956
v -6.1067 		-6.5518 		11.1956
v -6.1033 		-6.5 		11.1956
v -6.1067 		-6.4482 		11.1956
v -6.1168 		-6.3973 		11.1956
v -6.1335 		-6.3482 		11.1956
v -6.1565 		-6.3017 		11.1956
v -6.1853 		-6.2585 		11.1956
v -6.2195 		-6.2195 		11.1956
v -6.2585 		-6.1853 		11.1956
v -6.3017 		-6.1565 		11.1956
v -6.3482 		-6.1335 		11.1956
v -6.3973 		-6.1168 		11.1956
v -6.4482 		-6.1067 		11.1956
v -6.5 		-6.1033 		11.1956
v -6.5518 		-6.1067 		11.1956
v -6.6027 		-6.1168 		11.1956
v -6.6518 		-6.1335 		11.1956
v -6.6983 		-6.1565 		11.1956
v -6.7415 		-6.1853 		11.1956
v -6.7805 		-6.2195 		11.1956
v -6.8147 		-6.2585 		11.1956
v -6.8435 		-6.3017 		11.1956
v -6.8665 		-6.3482 		11.1956
v -6.8832 		-6.3973 		11.1956
v -6.8933 		-6.4482 		11.1956
v -6.8505 		-6.5461 		11.1464
v -6.8536 		-6.5 		11.1464
v -6.8415 		-6.5915 		11.1464
v -6.8266 		-6.6353 		11.1464
v -6.8062 		-6.6768 		11.1464
v -6.7805 		-6.7152 		11.1464
v -6.75 		-6.75 		11.1464
v -6.7152 		-6.7805 		11.1464
v -6.6768 		-6.8062 		11.1464
v -6.6353 		-6.8266 		11.1464
v -6.5915 		-6.8415 		11.1464
v -6.5461 		-6.8505 		11.1464
v -6.5 		-6.8536 		11.1464
v -6.4539 		-6.8505 		11.1464
v -6.4085 		-6.8415 		11.1464
v -6.3647 		-6.8266 		11.1464
v -6.3232 		-6.8062 		11.1464
v -6.2848 		-6.7805 		11.1464
v -6.25 		-6.75 		11.1464
v -6.2195 		-6.7152 		11.1464
v -6.1938 		-6.6768 		11.1464
v -6.1734 		-6.6353 		11.1464
v -6.1585 		-6.5915 		11.1464
v -6.1495 		-6.5461 		11.1464
v -6.1464 		-6.5 		11.1464
v -6.1495 		-6.4539 		11.1464
v -6.1585 		-6.4085 		11.1464
v -6.1734 		-6.3647 		11.1464
v -6.1938 		-6.3232 		11.1464
v -6.2195 		-6.2848 		11.1464
v -6.25 		-6.25 		11.1464
v -6.2848 		-6.2195 		11.1464
v -6.3232 		-6.1938 		11.1464
v -6.3647 		-6.1734 		11.1464
v -6.4085 		-6.1585 		11.1464
v -6.4539 		-6.1495 		11.1464
v -6.5 		-6.1464 		11.1464
v -6.5461 		-6.1495 		11.1464
v -6.5915 		-6.1585 		11.1464
v -6.6353 		-6.1734 		11.1464
v -6.6768 		-6.1938 		11.1464
v -6.7152 		-6.2195 		11.1464
v -6.75 		-6.25 		11.1464
v -6.7805 		-6.2848 		11.1464
v -6.8062 		-6.3232 		11.1464
v -6.8266 		-6.3647 		11.1464
v -6.8415 		-6.4085 		11.1464
v -6.8505 		-6.4539 		11.1464
v -6.8018 		-6.5397 		11.1033
v -6.8044 		-6.5 		11.1033
v -6.794 		-6.5788 		11.1033
v -6.7812 		-6.6165 		11.1033
v -6.7636 		-6.6522 		11.1033
v -6.7415 		-6.6853 		11.1033
v -6.7152 		-6.7152 		11.1033
v -6.6853 		-6.7415 		11.1033
v -6.6522 		-6.7636 		11.1033
v -6.6165 		-6.7812 		11.1033
v -6.5788 		-6.794 		11.1033
v -6.5397 		-6.8018 		11.1033
v -6.5 		-6.8044 		11.1033
v -6.4603 		-6.8018 		11.1033
v -6.4212 		-6.794 		11.1033
v -6.3835 		-6.7812 		11.1033
v -6.3478 		-6.7636 		11.1033
v -6.3147 		-6.7415 		11.1033
v -6.2848 		-6.7152 		11.1033
v -6.2585 		-6.6853 		11.1033
v -6.2364 		-6.6522 		11.1033
v -6.2188 		-6.6165 		11.1033
v -6.206 		-6.5788 		11.1033
v -6.1982 		-6.5397 		11.1033
v -6.1956 		-6.5 		11.1033
v -6.1982 		-6.4603 		11.1033
v -6.206 		-6.4212 		11.1033
v -6.2188 		-6.3835 		11.1033
v -6.2364 		-6.3478 		11.1033
v -6.2585 		-6.3147 		11.1033
v -6.2848 		-6.2848 		11.1033
v -6.3147 		-6.2585 		11.1033
v -6.3478 		-6.2364 		11.1033
v -6.3835 		-6.2188 		11.1033
v -6.4212 		-6.206 		11.1033
v -6.4603 		-6.1982 		11.1033
v -6.5 		-6.1956 		11.1033
v -6.5397 		-6.1982 		11.1033
v -6.5788 		-6.206 		11.1033
v -6.6165 		-6.2188 		11.1033
v -6.6522 		-6.2364 		11.1033
v -6.6853 		-6.2585 		11.1033
v -6.7152 		-6.2848 		11.1033
v -6.7415 		-6.3147 		11.1033
v -6.7636 		-6.3478 		11.1033
v -6.7812 		-6.3835 		11.1033
v -6.794 		-6.4212 		11.1033
v -6.8018 		-6.4603 		11.1033
v -6.7479 		-6.5326 		11.067
v -6.75 		-6.5 		11.067
v -6.7415 		-6.5647 		11.067
v -6.731 		-6.5957 		11.067
v -6.7165 		-6.625 		11.067
v -6.6983 		-6.6522 		11.067
v -6.6768 		-6.6768 		11.067
v -6.6522 		-6.6983 		11.067
v -6.625 		-6.7165 		11.067
v -6.5957 		-6.731 		11.067
v -6.5647 		-6.7415 		11.067
v -6.5326 		-6.7479 		11.067
v -6.5 		-6.75 		11.067
v -6.4674 		-6.7479 		11.067
v -6.4353 		-6.7415 		11.067
v -6.4043 		-6.731 		11.067
v -6.375 		-6.7165 		11.067
v -6.3478 		-6.6983 		11.067
v -6.3232 		-6.6768 		11.067
v -6.3017 		-6.6522 		11.067
v -6.2835 		-6.625 		11.067
v -6.269 		-6.5957 		11.067
v -6.2585 		-6.5647 		11.067
v -6.2521 		-6.5326 		11.067
v -6.25 		-6.5 		11.067
v -6.2521 		-6.4674 		11.067
v -6.2585 		-6.4353 		11.067
v -6.269 		-6.4043 		11.067
v -6.2835 		-6.375 		11.067
v -6.3017 		-6.3478 		11.067
v -6.3232 		-6.3232 		11.067
v -6.3478 		-6.3017 		11.067
v -6.375 		-6.2835 		11.067
v -6.4043 		-6.269 		11.067
v -6.4353 		-6.2585 		11.067
v -6.4674 		-6.2521 		11.067
v -6.5 		-6.25 		11.067
v -6.5326 		-6.2521 		11.067
v -6.5647 		-6.2585 		11.067
v -6.5957 		-6.269 		11.067
v -6.625 		-6.2835 		11.067
v -6.6522 		-6.3017 		11.067
v -6.6768 		-6.3232 		11.067
v -6.6983 		-6.3478 		11.067
v -6.7165 		-6.375 		11.067
v -6.731 		-6.4043 		11.067
v -6.7415 		-6.4353 		11.067
v -6.7479 		-6.4674 		11.067
v -6.6897 		-6.525 		11.0381
v -6.6913 		-6.5 		11.0381
v -6.6848 		-6.5495 		11.0381
v -6.6768 		-6.5732 		11.0381
v -6.6657 		-6.5957 		11.0381
v -6.6518 		-6.6165 		11.0381
v -6.6353 		-6.6353 		11.0381
v -6.6165 		-6.6518 		11.0381
v -6.5957 		-6.6657 		11.0381
v -6.5732 		-6.6768 		11.0381
v -6.5495 		-6.6848 		11.0381
v -6.525 		-6.6897 		11.0381
v -6.5 		-6.6913 		11.0381
v -6.475 		-6.6897 		11.0381
v -6.4505 		-6.6848 		11.0381
v -6.4268 		-6.6768 		11.0381
v -6.4043 		-6.6657 		11.0381
v -6.3835 		-6.6518 		11.0381
v -6.3647 		-6.6353 		11.0381
v -6.3482 		-6.6165 		11.0381
v -6.3343 		-6.5957 		11.0381
v -6.3232 		-6.5732 		11.0381
v -6.3152 		-6.5495 		11.0381
v -6.3103 		-6.525 		11.0381
v -6.3087 		-6.5 		11.0381
v -6.3103 		-6.475 		11.0381
v -6.3152 		-6.4505 		11.0381
v -6.3232 		-6.4268 		11.0381
v -6.3343 		-6.4043 		11.0381
v -6.3482 		-6.3835 		11.0381
v -6.3647 		-6.3647 		11.0381
v -6.3835 		-6.3482 		11.0381
v -6.4043 		-6.3343 		11.0381
v -6.4268 		-6.3232 		11.0381
v -6.4505 		-6.3152 		11.0381
v -6.475 		-6.3103 		11.0381
v -6.5 		-6.3087 		11.0381
v -6.525 		-6.3103 		11.0381
v -6.5495 		-6.3152 		11.0381
v -6.5732 		-6.3232 		11.0381
v -6.5957 		-6.3343 		11.0381
v -6.6165 		-6.3482 		11.0381
v -6.6353 		-6.3647 		11.0381
v -6.6518 		-6.3835 		11.0381
v -6.6657 		-6.4043 		11.0381
v -6.6768 		-6.4268 		11.0381
v -6.6848 		-6.4505 		11.0381
v -6.6897 		-6.475 		11.0381
v -6.6283 		-6.5169 		11.017
v -6.6294 		-6.5 		11.017
v -6.625 		-6.5335 		11.017
v -6.6196 		-6.5495 		11.017
v -6.6121 		-6.5647 		11.017
v -6.6027 		-6.5788 		11.017
v -6.5915 		-6.5915 		11.017
v -6.5788 		-6.6027 		11.017
v -6.5647 		-6.6121 		11.017
v -6.5495 		-6.6196 		11.017
v -6.5335 		-6.625 		11.017
v -6.5169 		-6.6283 		11.017
v -6.5 		-6.6294 		11.017
v -6.4831 		-6.6283 		11.017
v -6.4665 		-6.625 		11.017
v -6.4505 		-6.6196 		11.017
v -6.4353 		-6.6121 		11.017
v -6.4212 		-6.6027 		11.017
v -6.4085 		-6.5915 		11.017
v -6.3973 		-6.5788 		11.017
v -6.3879 		-6.5647 		11.017
v -6.3804 		-6.5495 		11.017
v -6.375 		-6.5335 		11.017
v -6.3717 		-6.5169 		11.017
v -6.3706 		-6.5 		11.017
v -6.3717 		-6.4831 		11.017
v -6.375 		-6.4665 		11.017
v -6.3804 		-6.4505 		11.017
v -6.3879 		-6.4353 		11.017
v -6.3973 		-6.4212 		11.017
v -6.4085 		-6.4085 		11.017
v -6.4212 		-6.3973 		11.017
v -6.4353 		-6.3879 		11.017
v -6.4505 		-6.3804 		11.017
v -6.4665 		-6.375 		11.017
v -6.4831 		-6.3717 		11.017
v -6.5 		-6.3706 		11.017
v -6.5169 		-6.3717 		11.017
v -6.5335 		-6.375 		11.017
v -6.5495 		-6.3804 		11.017
v -6.5647 		-6.3879 		11.017
v -6.5788 		-6.3973 		11.017
v -6.5915 		-6.4085 		11.017
v -6.6027 		-6.4212 		11.017
v -6.6121 		-6.4353 		11.017
v -6.6196 		-6.4505 		11.017
v -6.625 		-6.4665 		11.017
v -6.6283 		-6.4831 		11.017
v -6.5647 		-6.5085 		11.0043
v -6.5653 		-6.5 		11.0043
v -6.563 		-6.5169 		11.0043
v -6.5603 		-6.525 		11.0043
v -6.5565 		-6.5326 		11.0043
v -6.5518 		-6.5397 		11.0043
v -6.5461 		-6.5461 		11.0043
v -6.5397 		-6.5518 		11.0043
v -6.5326 		-6.5565 		11.0043
v -6.525 		-6.5603 		11.0043
v -6.5169 		-6.563 		11.0043
v -6.5085 		-6.5647 		11.0043
v -6.5 		-6.5653 		11.0043
v -6.4915 		-6.5647 		11.0043
v -6.4831 		-6.563 		11.0043
v -6.475 		-6.5603 		11.0043
v -6.4674 		-6.5565 		11.0043
v -6.4603 		-6.5518 		11.0043
v -6.4539 		-6.5461 		11.0043
v -6.4482 		-6.5397 		11.0043
v -6.4435 		-6.5326 		11.0043
v -6.4397 		-6.525 		11.0043
v -6.437 		-6.5169 		11.0043
v -6.4353 		-6.5085 		11.0043
v -6.4347 		-6.5 		11.0043
v -6.4353 		-6.4915 		11.0043
v -6.437 		-6.4831 		11.0043
v -6.4397 		-6.475 		11.0043
v -6.4435 		-6.4674 		11.0043
v -6.4482 		-6.4603 		11.0043
v -6.4539 		-6.4539 		11.0043
v -6.4603 		-6.4482 		11.0043
v -6.4674 		-6.4435 		11.0043
v -6.475 		-6.4397 		11.0043
v -6.4831 		-6.437 		11.0043
v -6.4915 		-6.4353 		11.0043
v -6.5 		-6.4347 		11.0043
v -6.5085 		-6.4353 		11.0043
v -6.5169 		-6.437 		11.0043
v -6.525 		-6.4397 		11.0043
v -6.5326 		-6.4435 		11.0043
v -6.5397 		-6.4482 		11.0043
v -6.5461 		-6.4539 		11.0043
v -6.5518 		-6.4603 		11.0043
v -6.5565 		-6.4674 		11.0043
v -6.5603 		-6.475 		11.0043
v -6.563 		-6.4831 		11.0043
v -6.5647 		-6.4915 		11.0043
v -6.5 		-6.5 		11
# 1106 vertices

g group_1_2829873

usemtl color_2829873
s 0

f 1107 	1108 	1109
f 1107 	1109 	1110
f 1107 	1110 	1111
f 1107 	1111 	1112
f 1107 	1112 	1113
f 1107 	1113 	1114
f 1107 	1114 	1115
f 1107 	1115 	1116
f 1107 	1116 	1117
f 1107 	1117 	1118
f 1107 	1118 	1119
f 1107 	1119 	1120
f 1107 	1120 	1121
f 1107 	1121 	1122
f 1107 	1122 	1123
f 1107 	1123 	1124
f 1107 	1124 	1125
f 1107 	1125 	1126
f 1107 	1126 	1127
f 1107 	1127 	1128
f 1107 	1128 	1129
f 1107 	1129 	1130
f 1107 	1130 	1131
f 1107 	1131 	1132
f 1107 	1132 	1133
f 1107 	1133 	1134
f 1107 	1134 	1135
f 1107 	1135 	1136
f 1107 	1136 	1137
f 1107 	1137 	1138
f 1107 	1138 	1139
f 1107 	1139 	1140
f 1107 	1140 	1141
f 1107 	1141 	1142
f 1107 	1142 	1143
f 1107 	1143 	1144
f 1107 	1144 	1145
f 1107 	1145 	1146
f 1107 	1146 	1147
f 1107 	1147 	1148
f 1107 	1148 	1149
f 1107 	1149 	1150
f 1107 	1150 	1151
f 1107 	1151 	1152
f 1107 	1152 	1153
f 1107 	1153 	1154
f 1107 	1154 	1155
f 1107 	1155 	1108
f 1109 	1108 	1156
f 1108 	1157 	1156
f 1110 	1109 	1158
f 1109 	1156 	1158
f 1111 	1110 	1159
f 1110 	1158 	1159
f 1112 	1111 	1160
f 1111 	1159 	1160
f 1113 	1112 	1161
f 1112 	1160 	1161
f 1114 	1113 	1162
f 1113 	1161 	1162
f 1115 	1114 	1163
f 1114 	1162 	1163
f 1116 	1115 	1164
f 1115 	1163 	1164
f 1117 	1116 	1165
f 1116 	1164 	1165
f 1118 	1117 	1166
f 1117 	1165 	1166
f 1119 	1118 	1167
f 1118 	1166 	1167
f 1120 	1119 	1168
f 1119 	1167 	1168
f 1121 	1120 	1169
f 1120 	1168 	1169
f 1122 	1121 	1170
f 1121 	1169 	1170
f 1123 	1122 	1171
f 1122 	1170 	1171
f 1124 	1123 	1172
f 1123 	1171 	1172
f 1125 	1124 	1173
f 1124 	1172 	1173
f 1126 	1125 	1174
f 1125 	1173 	1174
f 1127 	1126 	1175
f 1126 	1174 	1175
f 1128 	1127 	1176
f 1127 	1175 	1176
f 1129 	1128 	1177
f 1128 	1176 	1177
f 1130 	1129 	1178
f 1129 	1177 	1178
f 1131 	1130 	1179
f 1130 	1178 	1179
f 1132 	1131 	1180
f 1131 	1179 	1180
f 1133 	1132 	1181
f 1132 	1180 	1181
f 1134 	1133 	1182
f 1133 	1181 	1182
f 1135 	1134 	1183
f 1134 	1182 	1183
f 1136 	1135 	1184
f 1135 	1183 	1184
f 1137 	1136 	1185
f 1136 	1184 	1185
f 1138 	1137 	1186
f 1137 	1185 	1186
f 1139 	1138 	1187
f 1138 	1186 	1187
f 1140 	1139 	1188
f 1139 	1187 	1188
f 1141 	1140 	1189
f 1140 	1188 	1189
f 1142 	1141 	1190
f 1141 	1189 	1190
f 1143 	1142 	1191
f 1142 	1190 	1191
f 1144 	1143 	1192
f 1143 	1191 	1192
f 1145 	1144 	1193
f 1144 	1192 	1193
f 1146 	1145 	1194
f 1145 	1193 	1194
f 1147 	1146 	1195
f 1146 	1194 	1195
f 1148 	1147 	1196
f 1147 	1195 	1196
f 1149 	1148 	1197
f 1148 	1196 	1197
f 1150 	1149 	1198
f 1149 	1197 	1198
f 1151 	1150 	1199
f 1150 	1198 	1199
f 1152 	1151 	1200
f 1151 	1199 	1200
f 1153 	1152 	1201
f 1152 	1200 	1201
f 1154 	1153 	1202
f 1153 	1201 	1202
f 1155 	1154 	1203
f 1154 	1202 	1203
f 1108 	1155 	1157
f 1155 	1203 	1157
f 1156 	1157 	1204
f 1157 	1205 	1204
f 1158 	1156 	1206
f 1156 	1204 	1206
f 1159 	1158 	1207
f 1158 	1206 	1207
f 1160 	1159 	1208
f 1159 	1207 	1208
f 1161 	1160 	1209
f 1160 	1208 	1209
f 1162 	1161 	1210
f 1161 	1209 	1210
f 1163 	1162 	1211
f 1162 	1210 	1211
f 1164 	1163 	1212
f 1163 	1211 	1212
f 1165 	1164 	1213
f 1164 	1212 	1213
f 1166 	1165 	1214
f 1165 	1213 	1214
f 1167 	1166 	1215
f 1166 	1214 	1215
f 1168 	1167 	1216
f 1167 	1215 	1216
f 1169 	1168 	1217
f 1168 	1216 	1217
f 1170 	1169 	1218
f 1169 	1217 	1218
f 1171 	1170 	1219
f 1170 	1218 	1219
f 1172 	1171 	1220
f 1171 	1219 	1220
f 1173 	1172 	1221
f 1172 	1220 	1221
f 1174 	1173 	1222
f 1173 	1221 	1222
f 1175 	1174 	1223
f 1174 	1222 	1223
f 1176 	1175 	1224
f 1175 	1223 	1224
f 1177 	1176 	1225
f 1176 	1224 	1225
f 1178 	1177 	1226
f 1177 	1225 	1226
f 1179 	1178 	1227
f 1178 	1226 	1227
f 1180 	1179 	1228
f 1179 	1227 	1228
f 1181 	1180 	1229
f 1180 	1228 	1229
f 1182 	1181 	1230
f 1181 	1229 	1230
f 1183 	1182 	1231
f 1182 	1230 	1231
f 1184 	1183 	1232
f 1183 	1231 	1232
f 1185 	1184 	1233
f 1184 	1232 	1233
f 1186 	1185 	1234
f 1185 	1233 	1234
f 1187 	1186 	1235
f 1186 	1234 	1235
f 1188 	1187 	1236
f 1187 	1235 	1236
f 1189 	1188 	1237
f 1188 	1236 	1237
f 1190 	1189 	1238
f 1189 	1237 	1238
f 1191 	1190 	1239
f 1190 	1238 	1239
f 1192 	1191 	1240
f 1191 	1239 	1240
f 1193 	1192 	1241
f 1192 	1240 	1241
f 1194 	1193 	1242
f 1193 	1241 	1242
f 1195 	1194 	1243
f 1194 	1242 	1243
f 1196 	1195 	1244
f 1195 	1243 	1244
f 1197 	1196 	1245
f 1196 	1244 	1245
f 1198 	1197 	1246
f 1197 	1245 	1246
f 1199 	1198 	1247
f 1198 	1246 	1247
f 1200 	1199 	1248
f 1199 	1247 	1248
f 1201 	1200 	1249
f 1200 	1248 	1249
f 1202 	1201 	1250
f 1201 	1249 	1250
f 1203 	1202 	1251
f 1202 	1250 	1251
f 1157 	1203 	1205
f 1203 	1251 	1205
f 1204 	1205 	1252
f 1205 	1253 	1252
f 1206 	1204 	1254
f 1204 	1252 	1254
f 1207 	1206 	1255
f 1206 	1254 	1255
f 1208 	1207 	1256
f 1207 	1255 	1256
f 1209 	1208 	1257
f 1208 	1256 	1257
f 1210 	1209 	1258
f 1209 	1257 	1258
f 1211 	1210 	1259
f 1210 	1258 	1259
f 1212 	1211 	1260
f 1211 	1259 	1260
f 1213 	1212 	1261
f 1212 	1260 	1261
f 1214 	1213 	1262
f 1213 	1261 	1262
f 1215 	1214 	1263
f 1214 	1262 	1263
f 1216 	1215 	1264
f 1215 	1263 	1264
f 1217 	1216 	1265
f 1216 	1264 	1265
f 1218 	1217 	1266
f 1217 	1265 	1266
f 1219 	1218 	1267
f 1218 	1266 	1267
f 1220 	1219 	1268
f 1219 	1267 	1268
f 1221 	1220 	1269
f 1220 	1268 	1269
f 1222 	1221 	1270
f 1221 	1269 	1270
f 1223 	1222 	1271
f 1222 	1270 	1271
f 1224 	1223 	1272
f 1223 	1271 	1272
f 1225 	1224 	1273
f 1224 	1272 	1273
f 1226 	1225 	1274
f 1225 	1273 	1274
f 1227 	1226 	1275
f 1226 	1274 	1275
f 1228 	1227 	1276
f 1227 	1275 	1276
f 1229 	1228 	1277
f 1228 	1276 	1277
f 1230 	1229 	1278
f 1229 	1277 	1278
f 1231 	1230 	1279
f 1230 	1278 	1279
f 1232 	1231 	1280
f 1231 	1279 	1280
f 1233 	1232 	1281
f 1232 	1280 	1281
f 1234 	1233 	1282
f 1233 	1281 	1282
f 1235 	1234 	1283
f 1234 	1282 	1283
f 1236 	1235 	1284
f 1235 	1283 	1284
f 1237 	1236 	1285
f 1236 	1284 	1285
f 1238 	1237 	1286
f 1237 	1285 	1286
f 1239 	1238 	1287
f 1238 	1286 	1287
f 1240 	1239 	1288
f 1239 	1287 	1288
f 1241 	1240 	1289
f 1240 	1288 	1289
f 1242 	1241 	1290
f 1241 	1289 	1290
f 1243 	1242 	1291
f 1242 	1290 	1291
f 1244 	1243 	1292
f 1243 	1291 	1292
f 1245 	1244 	1293
f 1244 	1292 	1293
f 1246 	1245 	1294
f 1245 	1293 	1294
f 1247 	1246 	1295
f 1246 	1294 	1295
f 1248 	1247 	1296
f 1247 	1295 	1296
f 1249 	1248 	1297
f 1248 	1296 	1297
f 1250 	1249 	1298
f 1249 	1297 	1298
f 1251 	1250 	1299
f 1250 	1298 	1299
f 1205 	1251 	1253
f 1251 	1299 	1253
f 1252 	1253 	1300
f 1253 	1301 	1300
f 1254 	1252 	1302
f 1252 	1300 	1302
f 1255 	1254 	1303
f 1254 	1302 	1303
f 1256 	1255 	1304
f 1255 	1303 	1304
f 1257 	1256 	1305
f 1256 	1304 	1305
f 1258 	1257 	1306
f 1257 	1305 	1306
f 1259 	1258 	1307
f 1258 	1306 	1307
f 1260 	1259 	1308
f 1259 	1307 	1308
f 1261 	1260 	1309
f 1260 	1308 	1309
f 1262 	1261 	1310
f 1261 	1309 	1310
f 1263 	1262 	1311
f 1262 	1310 	1311
f 1264 	1263 	1312
f 1263 	1311 	1312
f 1265 	1264 	1313
f 1264 	1312 	1313
f 1266 	1265 	1314
f 1265 	1313 	1314
f 1267 	1266 	1315
f 1266 	1314 	1315
f 1268 	1267 	1316
f 1267 	1315 	1316
f 1269 	1268 	1317
f 1268 	1316 	1317
f 1270 	1269 	1318
f 1269 	1317 	1318
f 1271 	1270 	1319
f 1270 	1318 	1319
f 1272 	1271 	1320
f 1271 	1319 	1320
f 1273 	1272 	1321
f 1272 	1320 	1321
f 1274 	1273 	1322
f 1273 	1321 	1322
f 1275 	1274 	1323
f 1274 	1322 	1323
f 1276 	1275 	1324
f 1275 	1323 	1324
f 1277 	1276 	1325
f 1276 	1324 	1325
f 1278 	1277 	1326
f 1277 	1325 	1326
f 1279 	1278 	1327
f 1278 	1326 	1327
f 1280 	1279 	1328
f 1279 	1327 	1328
f 1281 	1280 	1329
f 1280 	1328 	1329
f 1282 	1281 	1330
f 1281 	1329 	1330
f 1283 	1282 	1331
f 1282 	1330 	1331
f 1284 	1283 	1332
f 1283 	1331 	1332
f 1285 	1284 	1333
f 1284 	1332 	1333
f 1286 	1285 	1334
f 1285 	1333 	1334
f 1287 	1286 	1335
f 1286 	1334 	1335
f 1288 	1287 	1336
f 1287 	1335 	1336
f 1289 	1288 	1337
f 1288 	1336 	1337
f 1290 	1289 	1338
f 1289 	1337 	1338
f 1291 	1290 	1339
f 1290 	1338 	1339
f 1292 	1291 	1340
f 1291 	1339 	1340
f 1293 	1292 	1341
f 1292 	1340 	1341
f 1294 	1293 	1342
f 1293 	1341 	1342
f 1295 	1294 	1343
f 1294 	1342 	1343
f 1296 	1295 	1344
f 1295 	1343 	1344
f 1297 	1296 	1345
f 1296 	1344 	1345
f 1298 	1297 	1346
f 1297 	1345 	1346
f 1299 	1298 	1347
f 1298 	1346 	1347
f 1253 	1299 	1301
f 1299 	1347 	1301
f 1300 	1301 	1348
f 1301 	1349 	1348
f 1302 	1300 	1350
f 1300 	1348 	1350
f 1303 	1302 	1351
f 1302 	1350 	1351
f 1304 	1303 	1352
f 1303 	1351 	1352
f 1305 	1304 	1353
f 1304 	1352 	1353
f 1306 	1305 	1354
f 1305 	1353 	1354
f 1307 	1306 	1355
f 1306 	1354 	1355
f 1308 	1307 	1356
f 1307 	1355 	1356
f 1309 	1308 	1357
f 1308 	1356 	1357
f 1310 	1309 	1358
f 1309 	1357 	1358
f 1311 	1310 	1359
f 1310 	1358 	1359
f 1312 	1311 	1360
f 1311 	1359 	1360
f 1313 	1312 	1361
f 1312 	1360 	1361
f 1314 	1313 	1362
f 1313 	1361 	1362
f 1315 	1314 	1363
f 1314 	1362 	1363
f 1316 	1315 	1364
f 1315 	1363 	1364
f 1317 	1316 	1365
f 1316 	1364 	1365
f 1318 	1317 	1366
f 1317 	1365 	1366
f 1319 	1318 	1367
f 1318 	1366 	1367
f 1320 	1319 	1368
f 1319 	1367 	1368
f 1321 	1320 	1369
f 1320 	1368 	1369
f 1322 	1321 	1370
f 1321 	1369 	1370
f 1323 	1322 	1371
f 1322 	1370 	1371
f 1324 	1323 	1372
f 1323 	1371 	1372
f 1325 	1324 	1373
f 1324 	1372 	1373
f 1326 	1325 	1374
f 1325 	1373 	1374
f 1327 	1326 	1375
f 1326 	1374 	1375
f 1328 	1327 	1376
f 1327 	1375 	1376
f 1329 	1328 	1377
f 1328 	1376 	1377
f 1330 	1329 	1378
f 1329 	1377 	1378
f 1331 	1330 	1379
f 1330 	1378 	1379
f 1332 	1331 	1380
f 1331 	1379 	1380
f 1333 	1332 	1381
f 1332 	1380 	1381
f 1334 	1333 	1382
f 1333 	1381 	1382
f 1335 	1334 	1383
f 1334 	1382 	1383
f 1336 	1335 	1384
f 1335 	1383 	1384
f 1337 	1336 	1385
f 1336 	1384 	1385
f 1338 	1337 	1386
f 1337 	1385 	1386
f 1339 	1338 	1387
f 1338 	1386 	1387
f 1340 	1339 	1388
f 1339 	1387 	1388
f 1341 	1340 	1389
f 1340 	1388 	1389
f 1342 	1341 	1390
f 1341 	1389 	1390
f 1343 	1342 	1391
f 1342 	1390 	1391
f 1344 	1343 	1392
f 1343 	1391 	1392
f 1345 	1344 	1393
f 1344 	1392 	1393
f 1346 	1345 	1394
f 1345 	1393 	1394
f 1347 	1346 	1395
f 1346 	1394 	1395
f 1301 	1347 	1349
f 1347 	1395 	1349
f 1348 	1349 	1396
f 1349 	1397 	1396
f 1350 	1348 	1398
f 1348 	1396 	1398
f 1351 	1350 	1399
f 1350 	1398 	1399
f 1352 	1351 	1400
f 1351 	1399 	1400
f 1353 	1352 	1401
f 1352 	1400 	1401
f 1354 	1353 	1402
f 1353 	1401 	1402
f 1355 	1354 	1403
f 1354 	1402 	1403
f 1356 	1355 	1404
f 1355 	1403 	1404
f 1357 	1356 	1405
f 1356 	1404 	1405
f 1358 	1357 	1406
f 1357 	1405 	1406
f 1359 	1358 	1407
f 1358 	1406 	1407
f 1360 	1359 	1408
f 1359 	1407 	1408
f 1361 	1360 	1409
f 1360 	1408 	1409
f 1362 	1361 	1410
f 1361 	1409 	1410
f 1363 	1362 	1411
f 1362 	1410 	1411
f 1364 	1363 	1412
f 1363 	1411 	1412
f 1365 	1364 	1413
f 1364 	1412 	1413
f 1366 	1365 	1414
f 1365 	1413 	1414
f 1367 	1366 	1415
f 1366 	1414 	1415
f 1368 	1367 	1416
f 1367 	1415 	1416
f 1369 	1368 	1417
f 1368 	1416 	1417
f 1370 	1369 	1418
f 1369 	1417 	1418
f 1371 	1370 	1419
f 1370 	1418 	1419
f 1372 	1371 	1420
f 1371 	1419 	1420
f 1373 	1372 	1421
f 1372 	1420 	1421
f 1374 	1373 	1422
f 1373 	1421 	1422
f 1375 	1374 	1423
f 1374 	1422 	1423
f 1376 	1375 	1424
f 1375 	1423 	1424
f 1377 	1376 	1425
f 1376 	1424 	1425
f 1378 	1377 	1426
f 1377 	1425 	1426
f 1379 	1378 	1427
f 1378 	1426 	1427
f 1380 	1379 	1428
f 1379 	1427 	1428
f 1381 	1380 	1429
f 1380 	1428 	1429
f 1382 	1381 	1430
f 1381 	1429 	1430
f 1383 	1382 	1431
f 1382 	1430 	1431
f 1384 	1383 	1432
f 1383 	1431 	1432
f 1385 	1384 	1433
f 1384 	1432 	1433
f 1386 	1385 	1434
f 1385 	1433 	1434
f 1387 	1386 	1435
f 1386 	1434 	1435
f 1388 	1387 	1436
f 1387 	1435 	1436
f 1389 	1388 	1437
f 1388 	1436 	1437
f 1390 	1389 	1438
f 1389 	1437 	1438
f 1391 	1390 	1439
f 1390 	1438 	1439
f 1392 	1391 	1440
f 1391 	1439 	1440
f 1393 	1392 	1441
f 1392 	1440 	1441
f 1394 	1393 	1442
f 1393 	1441 	1442
f 1395 	1394 	1443
f 1394 	1442 	1443
f 1349 	1395 	1397
f 1395 	1443 	1397
f 1396 	1397 	1444
f 1397 	1445 	1444
f 1398 	1396 	1446
f 1396 	1444 	1446
f 1399 	1398 	1447
f 1398 	1446 	1447
f 1400 	1399 	1448
f 1399 	1447 	1448
f 1401 	1400 	1449
f 1400 	1448 	1449
f 1402 	1401 	1450
f 1401 	1449 	1450
f 1403 	1402 	1451
f 1402 	1450 	1451
f 1404 	1403 	1452
f 1403 	1451 	1452
f 1405 	1404 	1453
f 1404 	1452 	1453
f 1406 	1405 	1454
f 1405 	1453 	1454
f 1407 	1406 	1455
f 1406 	1454 	1455
f 1408 	1407 	1456
f 1407 	1455 	1456
f 1409 	1408 	1457
f 1408 	1456 	1457
f 1410 	1409 	1458
f 1409 	1457 	1458
f 1411 	1410 	1459
f 1410 	1458 	1459
f 1412 	1411 	1460
f 1411 	1459 	1460
f 1413 	1412 	1461
f 1412 	1460 	1461
f 1414 	1413 	1462
f 1413 	1461 	1462
f 1415 	1414 	1463
f 1414 	1462 	1463
f 1416 	1415 	1464
f 1415 	1463 	1464
f 1417 	1416 	1465
f 1416 	1464 	1465
f 1418 	1417 	1466
f 1417 	1465 	1466
f 1419 	1418 	1467
f 1418 	1466 	1467
f 1420 	1419 	1468
f 1419 	1467 	1468
f 1421 	1420 	1469
f 1420 	1468 	1469
f 1422 	1421 	1470
f 1421 	1469 	1470
f 1423 	1422 	1471
f 1422 	1470 	1471
f 1424 	1423 	1472
f 1423 	1471 	1472
f 1425 	1424 	1473
f 1424 	1472 	1473
f 1426 	1425 	1474
f 1425 	1473 	1474
f 1427 	1426 	1475
f 1426 	1474 	1475
f 1428 	1427 	1476
f 1427 	1475 	1476
f 1429 	1428 	1477
f 1428 	1476 	1477
f 1430 	1429 	1478
f 1429 	1477 	1478
f 1431 	1430 	1479
f 1430 	1478 	1479
f 1432 	1431 	1480
f 1431 	1479 	1480
f 1433 	1432 	1481
f 1432 	1480 	1481
f 1434 	1433 	1482
f 1433 	1481 	1482
f 1435 	1434 	1483
f 1434 	1482 	1483
f 1436 	1435 	1484
f 1435 	1483 	1484
f 1437 	1436 	1485
f 1436 	1484 	1485
f 1438 	1437 	1486
f 1437 	1485 	1486
f 1439 	1438 	1487
f 1438 	1486 	1487
f 1440 	1439 	1488
f 1439 	1487 	1488
f 1441 	1440 	1489
f 1440 	1488 	1489
f 1442 	1441 	1490
f 1441 	1489 	1490
f 1443 	1442 	1491
f 1442 	1490 	1491
f 1397 	1443 	1445
f 1443 	1491 	1445
f 1444 	1445 	1492
f 1445 	1493 	1492
f 1446 	1444 	1494
f 1444 	1492 	1494
f 1447 	1446 	1495
f 1446 	1494 	1495
f 1448 	1447 	1496
f 1447 	1495 	1496
f 1449 	1448 	1497
f 1448 	1496 	1497
f 1450 	1449 	1498
f 1449 	1497 	1498
f 1451 	1450 	1499
f 1450 	1498 	1499
f 1452 	1451 	1500
f 1451 	1499 	1500
f 1453 	1452 	1501
f 1452 	1500 	1501
f 1454 	1453 	1502
f 1453 	1501 	1502
f 1455 	1454 	1503
f 1454 	1502 	1503
f 1456 	1455 	1504
f 1455 	1503 	1504
f 1457 	1456 	1505
f 1456 	1504 	1505
f 1458 	1457 	1506
f 1457 	1505 	1506
f 1459 	1458 	1507
f 1458 	1506 	1507
f 1460 	1459 	1508
f 1459 	1507 	1508
f 1461 	1460 	1509
f 1460 	1508 	1509
f 1462 	1461 	1510
f 1461 	1509 	1510
f 1463 	1462 	1511
f 1462 	1510 	1511
f 1464 	1463 	1512
f 1463 	1511 	1512
f 1465 	1464 	1513
f 1464 	1512 	1513
f 1466 	1465 	1514
f 1465 	1513 	1514
f 1467 	1466 	1515
f 1466 	1514 	1515
f 1468 	1467 	1516
f 1467 	1515 	1516
f 1469 	1468 	1517
f 1468 	1516 	1517
f 1470 	1469 	1518
f 1469 	1517 	1518
f 1471 	1470 	1519
f 1470 	1518 	1519
f 1472 	1471 	1520
f 1471 	1519 	1520
f 1473 	1472 	1521
f 1472 	1520 	1521
f 1474 	1473 	1522
f 1473 	1521 	1522
f 1475 	1474 	1523
f 1474 	1522 	1523
f 1476 	1475 	1524
f 1475 	1523 	1524
f 1477 	1476 	1525
f 1476 	1524 	1525
f 1478 	1477 	1526
f 1477 	1525 	1526
f 1479 	1478 	1527
f 1478 	1526 	1527
f 1480 	1479 	1528
f 1479 	1527 	1528
f 1481 	1480 	1529
f 1480 	1528 	1529
f 1482 	1481 	1530
f 1481 	1529 	1530
f 1483 	1482 	1531
f 1482 	1530 	1531
f 1484 	1483 	1532
f 1483 	1531 	1532
f 1485 	1484 	1533
f 1484 	1532 	1533
f 1486 	1485 	1534
f 1485 	1533 	1534
f 1487 	1486 	1535
f 1486 	1534 	1535
f 1488 	1487 	1536
f 1487 	1535 	1536
f 1489 	1488 	1537
f 1488 	1536 	1537
f 1490 	1489 	1538
f 1489 	1537 	1538
f 1491 	1490 	1539
f 1490 	1538 	1539
f 1445 	1491 	1493
f 1491 	1539 	1493
f 1492 	1493 	1540
f 1493 	1541 	1540
f 1494 	1492 	1542
f 1492 	1540 	1542
f 1495 	1494 	1543
f 1494 	1542 	1543
f 1496 	1495 	1544
f 1495 	1543 	1544
f 1497 	1496 	1545
f 1496 	1544 	1545
f 1498 	1497 	1546
f 1497 	1545 	1546
f 1499 	1498 	1547
f 1498 	1546 	1547
f 1500 	1499 	1548
f 1499 	1547 	1548
f 1501 	1500 	1549
f 1500 	1548 	1549
f 1502 	1501 	1550
f 1501 	1549 	1550
f 1503 	1502 	1551
f 1502 	1550 	1551
f 1504 	1503 	1552
f 1503 	1551 	1552
f 1505 	1504 	1553
f 1504 	1552 	1553
f 1506 	1505 	1554
f 1505 	1553 	1554
f 1507 	1506 	1555
f 1506 	1554 	1555
f 1508 	1507 	1556
f 1507 	1555 	1556
f 1509 	1508 	1557
f 1508 	1556 	1557
f 1510 	1509 	1558
f 1509 	1557 	1558
f 1511 	1510 	1559
f 1510 	1558 	1559
f 1512 	1511 	1560
f 1511 	1559 	1560
f 1513 	1512 	1561
f 1512 	1560 	1561
f 1514 	1513 	1562
f 1513 	1561 	1562
f 1515 	1514 	1563
f 1514 	1562 	1563
f 1516 	1515 	1564
f 1515 	1563 	1564
f 1517 	1516 	1565
f 1516 	1564 	1565
f 1518 	1517 	1566
f 1517 	1565 	1566
f 1519 	1518 	1567
f 1518 	1566 	1567
f 1520 	1519 	1568
f 1519 	1567 	1568
f 1521 	1520 	1569
f 1520 	1568 	1569
f 1522 	1521 	1570
f 1521 	1569 	1570
f 1523 	1522 	1571
f 1522 	1570 	1571
f 1524 	1523 	1572
f 1523 	1571 	1572
f 1525 	1524 	1573
f 1524 	1572 	1573
f 1526 	1525 	1574
f 1525 	1573 	1574
f 1527 	1526 	1575
f 1526 	1574 	1575
f 1528 	1527 	1576
f 1527 	1575 	1576
f 1529 	1528 	1577
f 1528 	1576 	1577
f 1530 	1529 	1578
f 1529 	1577 	1578
f 1531 	1530 	1579
f 1530 	1578 	1579
f 1532 	1531 	1580
f 1531 	1579 	1580
f 1533 	1532 	1581
f 1532 	1580 	1581
f 1534 	1533 	1582
f 1533 	1581 	1582
f 1535 	1534 	1583
f 1534 	1582 	1583
f 1536 	1535 	1584
f 1535 	1583 	1584
f 1537 	1536 	1585
f 1536 	1584 	1585
f 1538 	1537 	1586
f 1537 	1585 	1586
f 1539 	1538 	1587
f 1538 	1586 	1587
f 1493 	1539 	1541
f 1539 	1587 	1541
f 1540 	1541 	1588
f 1541 	1589 	1588
f 1542 	1540 	1590
f 1540 	1588 	1590
f 1543 	1542 	1591
f 1542 	1590 	1591
f 1544 	1543 	1592
f 1543 	1591 	1592
f 1545 	1544 	1593
f 1544 	1592 	1593
f 1546 	1545 	1594
f 1545 	1593 	1594
f 1547 	1546 	1595
f 1546 	1594 	1595
f 1548 	1547 	1596
f 1547 	1595 	1596
f 1549 	1548 	1597
f 1548 	1596 	1597
f 1550 	1549 	1598
f 1549 	1597 	1598
f 1551 	1550 	1599
f 1550 	1598 	1599
f 1552 	1551 	1600
f 1551 	1599 	1600
f 1553 	1552 	1601
f 1552 	1600 	1601
f 1554 	1553 	1602
f 1553 	1601 	1602
f 1555 	1554 	1603
f 1554 	1602 	1603
f 1556 	1555 	1604
f 1555 	1603 	1604
f 1557 	1556 	1605
f 1556 	1604 	1605
f 1558 	1557 	1606
f 1557 	1605 	1606
f 1559 	1558 	1607
f 1558 	1606 	1607
f 1560 	1559 	1608
f 1559 	1607 	1608
f 1561 	1560 	1609
f 1560 	1608 	1609
f 1562 	1561 	1610
f 1561 	1609 	1610
f 1563 	1562 	1611
f 1562 	1610 	1611
f 1564 	1563 	1612
f 1563 	1611 	1612
f 1565 	1564 	1613
f 1564 	1612 	1613
f 1566 	1565 	1614
f 1565 	1613 	1614
f 1567 	1566 	1615
f 1566 	1614 	1615
f 1568 	1567 	1616
f 1567 	1615 	1616
f 1569 	1568 	1617
f 1568 	1616 	1617
f 1570 	1569 	1618
f 1569 	1617 	1618
f 1571 	1570 	1619
f 1570 	1618 	1619
f 1572 	1571 	1620
f 1571 	1619 	1620
f 1573 	1572 	1621
f 1572 	1620 	1621
f 1574 	1573 	1622
f 1573 	1621 	1622
f 1575 	1574 	1623
f 1574 	1622 	1623
f 1576 	1575 	1624
f 1575 	1623 	1624
f 1577 	1576 	1625
f 1576 	1624 	1625
f 1578 	1577 	1626
f 1577 	1625 	1626
f 1579 	1578 	1627
f 1578 	1626 	1627
f 1580 	1579 	1628
f 1579 	1627 	1628
f 1581 	1580 	1629
f 1580 	1628 	1629
f 1582 	1581 	1630
f 1581 	1629 	1630
f 1583 	1582 	1631
f 1582 	1630 	1631
f 1584 	1583 	1632
f 1583 	1631 	1632
f 1585 	1584 	1633
f 1584 	1632 	1633
f 1586 	1585 	1634
f 1585 	1633 	1634
f 1587 	1586 	1635
f 1586 	1634 	1635
f 1541 	1587 	1589
f 1587 	1635 	1589
f 1588 	1589 	1636
f 1589 	1637 	1636
f 1590 	1588 	1638
f 1588 	1636 	1638
f 1591 	1590 	1639
f 1590 	1638 	1639
f 1592 	1591 	1640
f 1591 	1639 	1640
f 1593 	1592 	1641
f 1592 	1640 	1641
f 1594 	1593 	1642
f 1593 	1641 	1642
f 1595 	1594 	1643
f 1594 	1642 	1643
f 1596 	1595 	1644
f 1595 	1643 	1644
f 1597 	1596 	1645
f 1596 	1644 	1645
f 1598 	1597 	1646
f 1597 	1645 	1646
f 1599 	1598 	1647
f 1598 	1646 	1647
f 1600 	1599 	1648
f 1599 	1647 	1648
f 1601 	1600 	1649
f 1600 	1648 	1649
f 1602 	1601 	1650
f 1601 	1649 	1650
f 1603 	1602 	1651
f 1602 	1650 	1651
f 1604 	1603 	1652
f 1603 	1651 	1652
f 1605 	1604 	1653
f 1604 	1652 	1653
f 1606 	1605 	1654
f 1605 	1653 	1654
f 1607 	1606 	1655
f 1606 	1654 	1655
f 1608 	1607 	1656
f 1607 	1655 	1656
f 1609 	1608 	1657
f 1608 	1656 	1657
f 1610 	1609 	1658
f 1609 	1657 	1658
f 1611 	1610 	1659
f 1610 	1658 	1659
f 1612 	1611 	1660
f 1611 	1659 	1660
f 1613 	1612 	1661
f 1612 	1660 	1661
f 1614 	1613 	1662
f 1613 	1661 	1662
f 1615 	1614 	1663
f 1614 	1662 	1663
f 1616 	1615 	1664
f 1615 	1663 	1664
f 1617 	1616 	1665
f 1616 	1664 	1665
f 1618 	1617 	1666
f 1617 	1665 	1666
f 1619 	1618 	1667
f 1618 	1666 	1667
f 1620 	1619 	1668
f 1619 	1667 	1668
f 1621 	1620 	1669
f 1620 	1668 	1669
f 1622 	1621 	1670
f 1621 	1669 	1670
f 1623 	1622 	1671
f 1622 	1670 	1671
f 1624 	1623 	1672
f 1623 	1671 	1672
f 1625 	1624 	1673
f 1624 	1672 	1673
f 1626 	1625 	1674
f 1625 	1673 	1674
f 1627 	1626 	1675
f 1626 	1674 	1675
f 1628 	1627 	1676
f 1627 	1675 	1676
f 1629 	1628 	1677
f 1628 	1676 	1677
f 1630 	1629 	1678
f 1629 	1677 	1678
f 1631 	1630 	1679
f 1630 	1678 	1679
f 1632 	1631 	1680
f 1631 	1679 	1680
f 1633 	1632 	1681
f 1632 	1680 	1681
f 1634 	1633 	1682
f 1633 	1681 	1682
f 1635 	1634 	1683
f 1634 	1682 	1683
f 1589 	1635 	1637
f 1635 	1683 	1637
f 1636 	1637 	1684
f 1637 	1685 	1684
f 1638 	1636 	1686
f 1636 	1684 	1686
f 1639 	1638 	1687
f 1638 	1686 	1687
f 1640 	1639 	1688
f 1639 	1687 	1688
f 1641 	1640 	1689
f 1640 	1688 	1689
f 1642 	1641 	1690
f 1641 	1689 	1690
f 1643 	1642 	1691
f 1642 	1690 	1691
f 1644 	1643 	1692
f 1643 	1691 	1692
f 1645 	1644 	1693
f 1644 	1692 	1693
f 1646 	1645 	1694
f 1645 	1693 	1694
f 1647 	1646 	1695
f 1646 	1694 	1695
f 1648 	1647 	1696
f 1647 	1695 	1696
f 1649 	1648 	1697
f 1648 	1696 	1697
f 1650 	1649 	1698
f 1649 	1697 	1698
f 1651 	1650 	1699
f 1650 	1698 	1699
f 1652 	1651 	1700
f 1651 	1699 	1700
f 1653 	1652 	1701
f 1652 	1700 	1701
f 1654 	1653 	1702
f 1653 	1701 	1702
f 1655 	1654 	1703
f 1654 	1702 	1703
f 1656 	1655 	1704
f 1655 	1703 	1704
f 1657 	1656 	1705
f 1656 	1704 	1705
f 1658 	1657 	1706
f 1657 	1705 	1706
f 1659 	1658 	1707
f 1658 	1706 	1707
f 1660 	1659 	1708
f 1659 	1707 	1708
f 1661 	1660 	1709
f 1660 	1708 	1709
f 1662 	1661 	1710
f 1661 	1709 	1710
f 1663 	1662 	1711
f 1662 	1710 	1711
f 1664 	1663 	1712
f 1663 	1711 	1712
f 1665 	1664 	1713
f 1664 	1712 	1713
f 1666 	1665 	1714
f 1665 	1713 	1714
f 1667 	1666 	1715
f 1666 	1714 	1715
f 1668 	1667 	1716
f 1667 	1715 	1716
f 1669 	1668 	1717
f 1668 	1716 	1717
f 1670 	1669 	1718
f 1669 	1717 	1718
f 1671 	1670 	1719
f 1670 	1718 	1719
f 1672 	1671 	1720
f 1671 	1719 	1720
f 1673 	1672 	1721
f 1672 	1720 	1721
f 1674 	1673 	1722
f 1673 	1721 	1722
f 1675 	1674 	1723
f 1674 	1722 	1723
f 1676 	1675 	1724
f 1675 	1723 	1724
f 1677 	1676 	1725
f 1676 	1724 	1725
f 1678 	1677 	1726
f 1677 	1725 	1726
f 1679 	1678 	1727
f 1678 	1726 	1727
f 1680 	1679 	1728
f 1679 	1727 	1728
f 1681 	1680 	1729
f 1680 	1728 	1729
f 1682 	1681 	1730
f 1681 	1729 	1730
f 1683 	1682 	1731
f 1682 	1730 	1731
f 1637 	1683 	1685
f 1683 	1731 	1685
f 1684 	1685 	1732
f 1685 	1733 	1732
f 1686 	1684 	1734
f 1684 	1732 	1734
f 1687 	1686 	1735
f 1686 	1734 	1735
f 1688 	1687 	1736
f 1687 	1735 	1736
f 1689 	1688 	1737
f 1688 	1736 	1737
f 1690 	1689 	1738
f 1689 	1737 	1738
f 1691 	1690 	1739
f 1690 	1738 	1739
f 1692 	1691 	1740
f 1691 	1739 	1740
f 1693 	1692 	1741
f 1692 	1740 	1741
f 1694 	1693 	1742
f 1693 	1741 	1742
f 1695 	1694 	1743
f 1694 	1742 	1743
f 1696 	1695 	1744
f 1695 	1743 	1744
f 1697 	1696 	1745
f 1696 	1744 	1745
f 1698 	1697 	1746
f 1697 	1745 	1746
f 1699 	1698 	1747
f 1698 	1746 	1747
f 1700 	1699 	1748
f 1699 	1747 	1748
f 1701 	1700 	1749
f 1700 	1748 	1749
f 1702 	1701 	1750
f 1701 	1749 	1750
f 1703 	1702 	1751
f 1702 	1750 	1751
f 1704 	1703 	1752
f 1703 	1751 	1752
f 1705 	1704 	1753
f 1704 	1752 	1753
f 1706 	1705 	1754
f 1705 	1753 	1754
f 1707 	1706 	1755
f 1706 	1754 	1755
f 1708 	1707 	1756
f 1707 	1755 	1756
f 1709 	1708 	1757
f 1708 	1756 	1757
f 1710 	1709 	1758
f 1709 	1757 	1758
f 1711 	1710 	1759
f 1710 	1758 	1759
f 1712 	1711 	1760
f 1711 	1759 	1760
f 1713 	1712 	1761
f 1712 	1760 	1761
f 1714 	1713 	1762
f 1713 	1761 	1762
f 1715 	1714 	1763
f 1714 	1762 	1763
f 1716 	1715 	1764
f 1715 	1763 	1764
f 1717 	1716 	1765
f 1716 	1764 	1765
f 1718 	1717 	1766
f 1717 	1765 	1766
f 1719 	1718 	1767
f 1718 	1766 	1767
f 1720 	1719 	1768
f 1719 	1767 	1768
f 1721 	1720 	1769
f 1720 	1768 	1769
f 1722 	1721 	1770
f 1721 	1769 	1770
f 1723 	1722 	1771
f 1722 	1770 	1771
f 1724 	1723 	1772
f 1723 	1771 	1772
f 1725 	1724 	1773
f 1724 	1772 	1773
f 1726 	1725 	1774
f 1725 	1773 	1774
f 1727 	1726 	1775
f 1726 	1774 	1775
f 1728 	1727 	1776
f 1727 	1775 	1776
f 1729 	1728 	1777
f 1728 	1776 	1777
f 1730 	1729 	1778
f 1729 	1777 	1778
f 1731 	1730 	1779
f 1730 	1778 	1779
f 1685 	1731 	1733
f 1731 	1779 	1733
f 1732 	1733 	1780
f 1733 	1781 	1780
f 1734 	1732 	1782
f 1732 	1780 	1782
f 1735 	1734 	1783
f 1734 	1782 	1783
f 1736 	1735 	1784
f 1735 	1783 	1784
f 1737 	1736 	1785
f 1736 	1784 	1785
f 1738 	1737 	1786
f 1737 	1785 	1786
f 1739 	1738 	1787
f 1738 	1786 	1787
f 1740 	1739 	1788
f 1739 	1787 	1788
f 1741 	1740 	1789
f 1740 	1788 	1789
f 1742 	1741 	1790
f 1741 	1789 	1790
f 1743 	1742 	1791
f 1742 	1790 	1791
f 1744 	1743 	1792
f 1743 	1791 	1792
f 1745 	1744 	1793
f 1744 	1792 	1793
f 1746 	1745 	1794
f 1745 	1793 	1794
f 1747 	1746 	1795
f 1746 	1794 	1795
f 1748 	1747 	1796
f 1747 	1795 	1796
f 1749 	1748 	1797
f 1748 	1796 	1797
f 1750 	1749 	1798
f 1749 	1797 	1798
f 1751 	1750 	1799
f 1750 	1798 	1799
f 1752 	1751 	1800
f 1751 	1799 	1800
f 1753 	1752 	1801
f 1752 	1800 	1801
f 1754 	1753 	1802
f 1753 	1801 	1802
f 1755 	1754 	1803
f 1754 	1802 	1803
f 1756 	1755 	1804
f 1755 	1803 	1804
f 1757 	1756 	1805
f 1756 	1804 	1805
f 1758 	1757 	1806
f 1757 	1805 	1806
f 1759 	1758 	1807
f 1758 	1806 	1807
f 1760 	1759 	1808
f 1759 	1807 	1808
f 1761 	1760 	1809
f 1760 	1808 	1809
f 1762 	1761 	1810
f 1761 	1809 	1810
f 1763 	1762 	1811
f 1762 	1810 	1811
f 1764 	1763 	1812
f 1763 	1811 	1812
f 1765 	1764 	1813
f 1764 	1812 	1813
f 1766 	1765 	1814
f 1765 	1813 	1814
f 1767 	1766 	1815
f 1766 	1814 	1815
f 1768 	1767 	1816
f 1767 	1815 	1816
f 1769 	1768 	1817
f 1768 	1816 	1817
f 1770 	1769 	1818
f 1769 	1817 	1818
f 1771 	1770 	1819
f 1770 	1818 	1819
f 1772 	1771 	1820
f 1771 	1819 	1820
f 1773 	1772 	1821
f 1772 	1820 	1821
f 1774 	1773 	1822
f 1773 	1821 	1822
f 1775 	1774 	1823
f 1774 	1822 	1823
f 1776 	1775 	1824
f 1775 	1823 	1824
f 1777 	1776 	1825
f 1776 	1824 	1825
f 1778 	1777 	1826
f 1777 	1825 	1826
f 1779 	1778 	1827
f 1778 	1826 	1827
f 1733 	1779 	1781
f 1779 	1827 	1781
f 1780 	1781 	1828
f 1781 	1829 	1828
f 1782 	1780 	1830
f 1780 	1828 	1830
f 1783 	1782 	1831
f 1782 	1830 	1831
f 1784 	1783 	1832
f 1783 	1831 	1832
f 1785 	1784 	1833
f 1784 	1832 	1833
f 1786 	1785 	1834
f 1785 	1833 	1834
f 1787 	1786 	1835
f 1786 	1834 	1835
f 1788 	1787 	1836
f 1787 	1835 	1836
f 1789 	1788 	1837
f 1788 	1836 	1837
f 1790 	1789 	1838
f 1789 	1837 	1838
f 1791 	1790 	1839
f 1790 	1838 	1839
f 1792 	1791 	1840
f 1791 	1839 	1840
f 1793 	1792 	1841
f 1792 	1840 	1841
f 1794 	1793 	1842
f 1793 	1841 	1842
f 1795 	1794 	1843
f 1794 	1842 	1843
f 1796 	1795 	1844
f 1795 	1843 	1844
f 1797 	1796 	1845
f 1796 	1844 	1845
f 1798 	1797 	1846
f 1797 	1845 	1846
f 1799 	1798 	1847
f 1798 	1846 	1847
f 1800 	1799 	1848
f 1799 	1847 	1848
f 1801 	1800 	1849
f 1800 	1848 	1849
f 1802 	1801 	1850
f 1801 	1849 	1850
f 1803 	1802 	1851
f 1802 	1850 	1851
f 1804 	1803 	1852
f 1803 	1851 	1852
f 1805 	1804 	1853
f 1804 	1852 	1853
f 1806 	1805 	1854
f 1805 	1853 	1854
f 1807 	1806 	1855
f 1806 	1854 	1855
f 1808 	1807 	1856
f 1807 	1855 	1856
f 1809 	1808 	1857
f 1808 	1856 	1857
f 1810 	1809 	1858
f 1809 	1857 	1858
f 1811 	1810 	1859
f 1810 	1858 	1859
f 1812 	1811 	1860
f 1811 	1859 	1860
f 1813 	1812 	1861
f 1812 	1860 	1861
f 1814 	1813 	1862
f 1813 	1861 	1862
f 1815 	1814 	1863
f 1814 	1862 	1863
f 1816 	1815 	1864
f 1815 	1863 	1864
f 1817 	1816 	1865
f 1816 	1864 	1865
f 1818 	1817 	1866
f 1817 	1865 	1866
f 1819 	1818 	1867
f 1818 	1866 	1867
f 1820 	1819 	1868
f 1819 	1867 	1868
f 1821 	1820 	1869
f 1820 	1868 	1869
f 1822 	1821 	1870
f 1821 	1869 	1870
f 1823 	1822 	1871
f 1822 	1870 	1871
f 1824 	1823 	1872
f 1823 	1871 	1872
f 1825 	1824 	1873
f 1824 	1872 	1873
f 1826 	1825 	1874
f 1825 	1873 	1874
f 1827 	1826 	1875
f 1826 	1874 	1875
f 1781 	1827 	1829
f 1827 	1875 	1829
f 1828 	1829 	1876
f 1829 	1877 	1876
f 1830 	1828 	1878
f 1828 	1876 	1878
f 1831 	1830 	1879
f 1830 	1878 	1879
f 1832 	1831 	1880
f 1831 	1879 	1880
f 1833 	1832 	1881
f 1832 	1880 	1881
f 1834 	1833 	1882
f 1833 	1881 	1882
f 1835 	1834 	1883
f 1834 	1882 	1883
f 1836 	1835 	1884
f 1835 	1883 	1884
f 1837 	1836 	1885
f 1836 	1884 	1885
f 1838 	1837 	1886
f 1837 	1885 	1886
f 1839 	1838 	1887
f 1838 	1886 	1887
f 1840 	1839 	1888
f 1839 	1887 	1888
f 1841 	1840 	1889
f 1840 	1888 	1889
f 1842 	1841 	1890
f 1841 	1889 	1890
f 1843 	1842 	1891
f 1842 	1890 	1891
f 1844 	1843 	1892
f 1843 	1891 	1892
f 1845 	1844 	1893
f 1844 	1892 	1893
f 1846 	1845 	1894
f 1845 	1893 	1894
f 1847 	1846 	1895
f 1846 	1894 	1895
f 1848 	1847 	1896
f 1847 	1895 	1896
f 1849 	1848 	1897
f 1848 	1896 	1897
f 1850 	1849 	1898
f 1849 	1897 	1898
f 1851 	1850 	1899
f 1850 	1898 	1899
f 1852 	1851 	1900
f 1851 	1899 	1900
f 1853 	1852 	1901
f 1852 	1900 	1901
f 1854 	1853 	1902
f 1853 	1901 	1902
f 1855 	1854 	1903
f 1854 	1902 	1903
f 1856 	1855 	1904
f 1855 	1903 	1904
f 1857 	1856 	1905
f 1856 	1904 	1905
f 1858 	1857 	1906
f 1857 	1905 	1906
f 1859 	1858 	1907
f 1858 	1906 	1907
f 1860 	1859 	1908
f 1859 	1907 	1908
f 1861 	1860 	1909
f 1860 	1908 	1909
f 1862 	1861 	1910
f 1861 	1909 	1910
f 1863 	1862 	1911
f 1862 	1910 	1911
f 1864 	1863 	1912
f 1863 	1911 	1912
f 1865 	1864 	1913
f 1864 	1912 	1913
f 1866 	1865 	1914
f 1865 	1913 	1914
f 1867 	1866 	1915
f 1866 	1914 	1915
f 1868 	1867 	1916
f 1867 	1915 	1916
f 1869 	1868 	1917
f 1868 	1916 	1917
f 1870 	1869 	1918
f 1869 	1917 	1918
f 1871 	1870 	1919
f 1870 	1918 	1919
f 1872 	1871 	1920
f 1871 	1919 	1920
f 1873 	1872 	1921
f 1872 	1920 	1921
f 1874 	1873 	1922
f 1873 	1921 	1922
f 1875 	1874 	1923
f 1874 	1922 	1923
f 1829 	1875 	1877
f 1875 	1923 	1877
f 1876 	1877 	1924
f 1877 	1925 	1924
f 1878 	1876 	1926
f 1876 	1924 	1926
f 1879 	1878 	1927
f 1878 	1926 	1927
f 1880 	1879 	1928
f 1879 	1927 	1928
f 1881 	1880 	1929
f 1880 	1928 	1929
f 1882 	1881 	1930
f 1881 	1929 	1930
f 1883 	1882 	1931
f 1882 	1930 	1931
f 1884 	1883 	1932
f 1883 	1931 	1932
f 1885 	1884 	1933
f 1884 	1932 	1933
f 1886 	1885 	1934
f 1885 	1933 	1934
f 1887 	1886 	1935
f 1886 	1934 	1935
f 1888 	1887 	1936
f 1887 	1935 	1936
f 1889 	1888 	1937
f 1888 	1936 	1937
f 1890 	1889 	1938
f 1889 	1937 	1938
f 1891 	1890 	1939
f 1890 	1938 	1939
f 1892 	1891 	1940
f 1891 	1939 	1940
f 1893 	1892 	1941
f 1892 	1940 	1941
f 1894 	1893 	1942
f 1893 	1941 	1942
f 1895 	1894 	1943
f 1894 	1942 	1943
f 1896 	1895 	1944
f 1895 	1943 	1944
f 1897 	1896 	1945
f 1896 	1944 	1945
f 1898 	1897 	1946
f 1897 	1945 	1946
f 1899 	1898 	1947
f 1898 	1946 	1947
f 1900 	1899 	1948
f 1899 	1947 	1948
f 1901 	1900 	1949
f 1900 	1948 	1949
f 1902 	1901 	1950
f 1901 	1949 	1950
f 1903 	1902 	1951
f 1902 	1950 	1951
f 1904 	1903 	1952
f 1903 	1951 	1952
f 1905 	1904 	1953
f 1904 	1952 	1953
f 1906 	1905 	1954
f 1905 	1953 	1954
f 1907 	1906 	1955
f 1906 	1954 	1955
f 1908 	1907 	1956
f 1907 	1955 	1956
f 1909 	1908 	1957
f 1908 	1956 	1957
f 1910 	1909 	1958
f 1909 	1957 	1958
f 1911 	1910 	1959
f 1910 	1958 	1959
f 1912 	1911 	1960
f 1911 	1959 	1960
f 1913 	1912 	1961
f 1912 	1960 	1961
f 1914 	1913 	1962
f 1913 	1961 	1962
f 1915 	1914 	1963
f 1914 	1962 	1963
f 1916 	1915 	1964
f 1915 	1963 	1964
f 1917 	1916 	1965
f 1916 	1964 	1965
f 1918 	1917 	1966
f 1917 	1965 	1966
f 1919 	1918 	1967
f 1918 	1966 	1967
f 1920 	1919 	1968
f 1919 	1967 	1968
f 1921 	1920 	1969
f 1920 	1968 	1969
f 1922 	1921 	1970
f 1921 	1969 	1970
f 1923 	1922 	1971
f 1922 	1970 	1971
f 1877 	1923 	1925
f 1923 	1971 	1925
f 1924 	1925 	1972
f 1925 	1973 	1972
f 1926 	1924 	1974
f 1924 	1972 	1974
f 1927 	1926 	1975
f 1926 	1974 	1975
f 1928 	1927 	1976
f 1927 	1975 	1976
f 1929 	1928 	1977
f 1928 	1976 	1977
f 1930 	1929 	1978
f 1929 	1977 	1978
f 1931 	1930 	1979
f 1930 	1978 	1979
f 1932 	1931 	1980
f 1931 	1979 	1980
f 1933 	1932 	1981
f 1932 	1980 	1981
f 1934 	1933 	1982
f 1933 	1981 	1982
f 1935 	1934 	1983
f 1934 	1982 	1983
f 1936 	1935 	1984
f 1935 	1983 	1984
f 1937 	1936 	1985
f 1936 	1984 	1985
f 1938 	1937 	1986
f 1937 	1985 	1986
f 1939 	1938 	1987
f 1938 	1986 	1987
f 1940 	1939 	1988
f 1939 	1987 	1988
f 1941 	1940 	1989
f 1940 	1988 	1989
f 1942 	1941 	1990
f 1941 	1989 	1990
f 1943 	1942 	1991
f 1942 	1990 	1991
f 1944 	1943 	1992
f 1943 	1991 	1992
f 1945 	1944 	1993
f 1944 	1992 	1993
f 1946 	1945 	1994
f 1945 	1993 	1994
f 1947 	1946 	1995
f 1946 	1994 	1995
f 1948 	1947 	1996
f 1947 	1995 	1996
f 1949 	1948 	1997
f 1948 	1996 	1997
f 1950 	1949 	1998
f 1949 	1997 	1998
f 1951 	1950 	1999
f 1950 	1998 	1999
f 1952 	1951 	2000
f 1951 	1999 	2000
f 1953 	1952 	2001
f 1952 	2000 	2001
f 1954 	1953 	2002
f 1953 	2001 	2002
f 1955 	1954 	2003
f 1954 	2002 	2003
f 1956 	1955 	2004
f 1955 	2003 	2004
f 1957 	1956 	2005
f 1956 	2004 	2005
f 1958 	1957 	2006
f 1957 	2005 	2006
f 1959 	1958 	2007
f 1958 	2006 	2007
f 1960 	1959 	2008
f 1959 	2007 	2008
f 1961 	1960 	2009
f 1960 	2008 	2009
f 1962 	1961 	2010
f 1961 	2009 	2010
f 1963 	1962 	2011
f 1962 	2010 	2011
f 1964 	1963 	2012
f 1963 	2011 	2012
f 1965 	1964 	2013
f 1964 	2012 	2013
f 1966 	1965 	2014
f 1965 	2013 	2014
f 1967 	1966 	2015
f 1966 	2014 	2015
f 1968 	1967 	2016
f 1967 	2015 	2016
f 1969 	1968 	2017
f 1968 	2016 	2017
f 1970 	1969 	2018
f 1969 	2017 	2018
f 1971 	1970 	2019
f 1970 	2018 	2019
f 1925 	1971 	1973
f 1971 	2019 	1973
f 1972 	1973 	2020
f 1973 	2021 	2020
f 1974 	1972 	2022
f 1972 	2020 	2022
f 1975 	1974 	2023
f 1974 	2022 	2023
f 1976 	1975 	2024
f 1975 	2023 	2024
f 1977 	1976 	2025
f 1976 	2024 	2025
f 1978 	1977 	2026
f 1977 	2025 	2026
f 1979 	1978 	2027
f 1978 	2026 	2027
f 1980 	1979 	2028
f 1979 	2027 	2028
f 1981 	1980 	2029
f 1980 	2028 	2029
f 1982 	1981 	2030
f 1981 	2029 	2030
f 1983 	1982 	2031
f 1982 	2030 	2031
f 1984 	1983 	2032
f 1983 	2031 	2032
f 1985 	1984 	2033
f 1984 	2032 	2033
f 1986 	1985 	2034
f 1985 	2033 	2034
f 1987 	1986 	2035
f 1986 	2034 	2035
f 1988 	1987 	2036
f 1987 	2035 	2036
f 1989 	1988 	2037
f 1988 	2036 	2037
f 1990 	1989 	2038
f 1989 	2037 	2038
f 1991 	1990 	2039
f 1990 	2038 	2039
f 1992 	1991 	2040
f 1991 	2039 	2040
f 1993 	1992 	2041
f 1992 	2040 	2041
f 1994 	1993 	2042
f 1993 	2041 	2042
f 1995 	1994 	2043
f 1994 	2042 	2043
f 1996 	1995 	2044
f 1995 	2043 	2044
f 1997 	1996 	2045
f 1996 	2044 	2045
f 1998 	1997 	2046
f 1997 	2045 	2046
f 1999 	1998 	2047
f 1998 	2046 	2047
f 2000 	1999 	2048
f 1999 	2047 	2048
f 2001 	2000 	2049
f 2000 	2048 	2049
f 2002 	2001 	2050
f 2001 	2049 	2050
f 2003 	2002 	2051
f 2002 	2050 	2051
f 2004 	2003 	2052
f 2003 	2051 	2052
f 2005 	2004 	2053
f 2004 	2052 	2053
f 2006 	2005 	2054
f 2005 	2053 	2054
f 2007 	2006 	2055
f 2006 	2054 	2055
f 2008 	2007 	2056
f 2007 	2055 	2056
f 2009 	2008 	2057
f 2008 	2056 	2057
f 2010 	2009 	2058
f 2009 	2057 	2058
f 2011 	2010 	2059
f 2010 	2058 	2059
f 2012 	2011 	2060
f 2011 	2059 	2060
f 2013 	2012 	2061
f 2012 	2060 	2061
f 2014 	2013 	2062
f 2013 	2061 	2062
f 2015 	2014 	2063
f 2014 	2062 	2063
f 2016 	2015 	2064
f 2015 	2063 	2064
f 2017 	2016 	2065
f 2016 	2064 	2065
f 2018 	2017 	2066
f 2017 	2065 	2066
f 2019 	2018 	2067
f 2018 	2066 	2067
f 1973 	2019 	2021
f 2019 	2067 	2021
f 2020 	2021 	2068
f 2021 	2069 	2068
f 2022 	2020 	2070
f 2020 	2068 	2070
f 2023 	2022 	2071
f 2022 	2070 	2071
f 2024 	2023 	2072
f 2023 	2071 	2072
f 2025 	2024 	2073
f 2024 	2072 	2073
f 2026 	2025 	2074
f 2025 	2073 	2074
f 2027 	2026 	2075
f 2026 	2074 	2075
f 2028 	2027 	2076
f 2027 	2075 	2076
f 2029 	2028 	2077
f 2028 	2076 	2077
f 2030 	2029 	2078
f 2029 	2077 	2078
f 2031 	2030 	2079
f 2030 	2078 	2079
f 2032 	2031 	2080
f 2031 	2079 	2080
f 2033 	2032 	2081
f 2032 	2080 	2081
f 2034 	2033 	2082
f 2033 	2081 	2082
f 2035 	2034 	2083
f 2034 	2082 	2083
f 2036 	2035 	2084
f 2035 	2083 	2084
f 2037 	2036 	2085
f 2036 	2084 	2085
f 2038 	2037 	2086
f 2037 	2085 	2086
f 2039 	2038 	2087
f 2038 	2086 	2087
f 2040 	2039 	2088
f 2039 	2087 	2088
f 2041 	2040 	2089
f 2040 	2088 	2089
f 2042 	2041 	2090
f 2041 	2089 	2090
f 2043 	2042 	2091
f 2042 	2090 	2091
f 2044 	2043 	2092
f 2043 	2091 	2092
f 2045 	2044 	2093
f 2044 	2092 	2093
f 2046 	2045 	2094
f 2045 	2093 	2094
f 2047 	2046 	2095
f 2046 	2094 	2095
f 2048 	2047 	2096
f 2047 	2095 	2096
f 2049 	2048 	2097
f 2048 	2096 	2097
f 2050 	2049 	2098
f 2049 	2097 	2098
f 2051 	2050 	2099
f 2050 	2098 	2099
f 2052 	2051 	2100
f 2051 	2099 	2100
f 2053 	2052 	2101
f 2052 	2100 	2101
f 2054 	2053 	2102
f 2053 	2101 	2102
f 2055 	2054 	2103
f 2054 	2102 	2103
f 2056 	2055 	2104
f 2055 	2103 	2104
f 2057 	2056 	2105
f 2056 	2104 	2105
f 2058 	2057 	2106
f 2057 	2105 	2106
f 2059 	2058 	2107
f 2058 	2106 	2107
f 2060 	2059 	2108
f 2059 	2107 	2108
f 2061 	2060 	2109
f 2060 	2108 	2109
f 2062 	2061 	2110
f 2061 	2109 	2110
f 2063 	2062 	2111
f 2062 	2110 	2111
f 2064 	2063 	2112
f 2063 	2111 	2112
f 2065 	2064 	2113
f 2064 	2112 	2113
f 2066 	2065 	2114
f 2065 	2113 	2114
f 2067 	2066 	2115
f 2066 	2114 	2115
f 2021 	2067 	2069
f 2067 	2115 	2069
f 2068 	2069 	2116
f 2069 	2117 	2116
f 2070 	2068 	2118
f 2068 	2116 	2118
f 2071 	2070 	2119
f 2070 	2118 	2119
f 2072 	2071 	2120
f 2071 	2119 	2120
f 2073 	2072 	2121
f 2072 	2120 	2121
f 2074 	2073 	2122
f 2073 	2121 	2122
f 2075 	2074 	2123
f 2074 	2122 	2123
f 2076 	2075 	2124
f 2075 	2123 	2124
f 2077 	2076 	2125
f 2076 	2124 	2125
f 2078 	2077 	2126
f 2077 	2125 	2126
f 2079 	2078 	2127
f 2078 	2126 	2127
f 2080 	2079 	2128
f 2079 	2127 	2128
f 2081 	2080 	2129
f 2080 	2128 	2129
f 2082 	2081 	2130
f 2081 	2129 	2130
f 2083 	2082 	2131
f 2082 	2130 	2131
f 2084 	2083 	2132
f 2083 	2131 	2132
f 2085 	2084 	2133
f 2084 	2132 	2133
f 2086 	2085 	2134
f 2085 	2133 	2134
f 2087 	2086 	2135
f 2086 	2134 	2135
f 2088 	2087 	2136
f 2087 	2135 	2136
f 2089 	2088 	2137
f 2088 	2136 	2137
f 2090 	2089 	2138
f 2089 	2137 	2138
f 2091 	2090 	2139
f 2090 	2138 	2139
f 2092 	2091 	2140
f 2091 	2139 	2140
f 2093 	2092 	2141
f 2092 	2140 	2141
f 2094 	2093 	2142
f 2093 	2141 	2142
f 2095 	2094 	2143
f 2094 	2142 	2143
f 2096 	2095 	2144
f 2095 	2143 	2144
f 2097 	2096 	2145
f 2096 	2144 	2145
f 2098 	2097 	2146
f 2097 	2145 	2146
f 2099 	2098 	2147
f 2098 	2146 	2147
f 2100 	2099 	2148
f 2099 	2147 	2148
f 2101 	2100 	2149
f 2100 	2148 	2149
f 2102 	2101 	2150
f 2101 	2149 	2150
f 2103 	2102 	2151
f 2102 	2150 	2151
f 2104 	2103 	2152
f 2103 	2151 	2152
f 2105 	2104 	2153
f 2104 	2152 	2153
f 2106 	2105 	2154
f 2105 	2153 	2154
f 2107 	2106 	2155
f 2106 	2154 	2155
f 2108 	2107 	2156
f 2107 	2155 	2156
f 2109 	2108 	2157
f 2108 	2156 	2157
f 2110 	2109 	2158
f 2109 	2157 	2158
f 2111 	2110 	2159
f 2110 	2158 	2159
f 2112 	2111 	2160
f 2111 	2159 	2160
f 2113 	2112 	2161
f 2112 	2160 	2161
f 2114 	2113 	2162
f 2113 	2161 	2162
f 2115 	2114 	2163
f 2114 	2162 	2163
f 2069 	2115 	2117
f 2115 	2163 	2117
f 2116 	2117 	2164
f 2117 	2165 	2164
f 2118 	2116 	2166
f 2116 	2164 	2166
f 2119 	2118 	2167
f 2118 	2166 	2167
f 2120 	2119 	2168
f 2119 	2167 	2168
f 2121 	2120 	2169
f 2120 	2168 	2169
f 2122 	2121 	2170
f 2121 	2169 	2170
f 2123 	2122 	2171
f 2122 	2170 	2171
f 2124 	2123 	2172
f 2123 	2171 	2172
f 2125 	2124 	2173
f 2124 	2172 	2173
f 2126 	2125 	2174
f 2125 	2173 	2174
f 2127 	2126 	2175
f 2126 	2174 	2175
f 2128 	2127 	2176
f 2127 	2175 	2176
f 2129 	2128 	2177
f 2128 	2176 	2177
f 2130 	2129 	2178
f 2129 	2177 	2178
f 2131 	2130 	2179
f 2130 	2178 	2179
f 2132 	2131 	2180
f 2131 	2179 	2180
f 2133 	2132 	2181
f 2132 	2180 	2181
f 2134 	2133 	2182
f 2133 	2181 	2182
f 2135 	2134 	2183
f 2134 	2182 	2183
f 2136 	2135 	2184
f 2135 	2183 	2184
f 2137 	2136 	2185
f 2136 	2184 	2185
f 2138 	2137 	2186
f 2137 	2185 	2186
f 2139 	2138 	2187
f 2138 	2186 	2187
f 2140 	2139 	2188
f 2139 	2187 	2188
f 2141 	2140 	2189
f 2140 	2188 	2189
f 2142 	2141 	2190
f 2141 	2189 	2190
f 2143 	2142 	2191
f 2142 	2190 	2191
f 2144 	2143 	2192
f 2143 	2191 	2192
f 2145 	2144 	2193
f 2144 	2192 	2193
f 2146 	2145 	2194
f 2145 	2193 	2194
f 2147 	2146 	2195
f 2146 	2194 	2195
f 2148 	2147 	2196
f 2147 	2195 	2196
f 2149 	2148 	2197
f 2148 	2196 	2197
f 2150 	2149 	2198
f 2149 	2197 	2198
f 2151 	2150 	2199
f 2150 	2198 	2199
f 2152 	2151 	2200
f 2151 	2199 	2200
f 2153 	2152 	2201
f 2152 	2200 	2201
f 2154 	2153 	2202
f 2153 	2201 	2202
f 2155 	2154 	2203
f 2154 	2202 	2203
f 2156 	2155 	2204
f 2155 	2203 	2204
f 2157 	2156 	2205
f 2156 	2204 	2205
f 2158 	2157 	2206
f 2157 	2205 	2206
f 2159 	2158 	2207
f 2158 	2206 	2207
f 2160 	2159 	2208
f 2159 	2207 	2208
f 2161 	2160 	2209
f 2160 	2208 	2209
f 2162 	2161 	2210
f 2161 	2209 	2210
f 2163 	2162 	2211
f 2162 	2210 	2211
f 2117 	2163 	2165
f 2163 	2211 	2165
f 2164 	2165 	2212
f 2166 	2164 	2212
f 2167 	2166 	2212
f 2168 	2167 	2212
f 2169 	2168 	2212
f 2170 	2169 	2212
f 2171 	2170 	2212
f 2172 	2171 	2212
f 2173 	2172 	2212
f 2174 	2173 	2212
f 2175 	2174 	2212
f 2176 	2175 	2212
f 2177 	2176 	2212
f 2178 	2177 	2212
f 2179 	2178 	2212
f 2180 	2179 	2212
f 2181 	2180 	2212
f 2182 	2181 	2212
f 2183 	2182 	2212
f 2184 	2183 	2212
f 2185 	2184 	2212
f 2186 	2185 	2212
f 2187 	2186 	2212
f 2188 	2187 	2212
f 2189 	2188 	2212
f 2190 	2189 	2212
f 2191 	2190 	2212
f 2192 	2191 	2212
f 2193 	2192 	2212
f 2194 	2193 	2212
f 2195 	2194 	2212
f 2196 	2195 	2212
f 2197 	2196 	2212
f 2198 	2197 	2212
f 2199 	2198 	2212
f 2200 	2199 	2212
f 2201 	2200 	2212
f 2202 	2201 	2212
f 2203 	2202 	2212
f 2204 	2203 	2212
f 2205 	2204 	2212
f 2206 	2205 	2212
f 2207 	2206 	2212
f 2208 	2207 	2212
f 2209 	2208 	2212
f 2210 	2209 	2212
f 2211 	2210 	2212
f 2165 	2211 	2212
# 2208 faces

 #end of obj_1

o obj_2
v 6 		-6.5 		12
v 5.9347 		-6.5 		11.9957
v 5.9353 		-6.5085 		11.9957
v 5.937 		-6.5169 		11.9957
v 5.9397 		-6.525 		11.9957
v 5.9435 		-6.5326 		11.9957
v 5.9482 		-6.5397 		11.9957
v 5.9539 		-6.5461 		11.9957
v 5.9603 		-6.5518 		11.9957
v 5.9674 		-6.5565 		11.9957
v 5.975 		-6.5603 		11.9957
v 5.9831 		-6.563 		11.9957
v 5.9915 		-6.5647 		11.9957
v 6 		-6.5653 		11.9957
v 6.0085 		-6.5647 		11.9957
v 6.0169 		-6.563 		11.9957
v 6.025 		-6.5603 		11.9957
v 6.0326 		-6.5565 		11.9957
v 6.0397 		-6.5518 		11.9957
v 6.0461 		-6.5461 		11.9957
v 6.0518 		-6.5397 		11.9957
v 6.0565 		-6.5326 		11.9957
v 6.0603 		-6.525 		11.9957
v 6.063 		-6.5169 		11.9957
v 6.0647 		-6.5085 		11.9957
v 6.0653 		-6.5 		11.9957
v 6.0647 		-6.4915 		11.9957
v 6.063 		-6.4831 		11.9957
v 6.0603 		-6.475 		11.9957
v 6.0565 		-6.4674 		11.9957
v 6.0518 		-6.4603 		11.9957
v 6.0461 		-6.4539 		11.9957
v 6.0397 		-6.4482 		11.9957
v 6.0326 		-6.4435 		11.9957
v 6.025 		-6.4397 		11.9957
v 6.0169 		-6.437 		11.9957
v 6.0085 		-6.4353 		11.9957
v 6 		-6.4347 		11.9957
v 5.9915 		-6.4353 		11.9957
v 5.9831 		-6.437 		11.9957
v 5.975 		-6.4397 		11.9957
v 5.9674 		-6.4435 		11.9957
v 5.9603 		-6.4482 		11.9957
v 5.9539 		-6.4539 		11.9957
v 5.9482 		-6.4603 		11.9957
v 5.9435 		-6.4674 		11.9957
v 5.9397 		-6.475 		11.9957
v 5.937 		-6.4831 		11.9957
v 5.9353 		-6.4915 		11.9957
v 5.8717 		-6.5169 		11.983
v 5.8706 		-6.5 		11.983
v 5.875 		-6.5335 		11.983
v 5.8804 		-6.5495 		11.983
v 5.8879 		-6.5647 		11.983
v 5.8973 		-6.5788 		11.983
v 5.9085 		-6.5915 		11.983
v 5.9212 		-6.6027 		11.983
v 5.9353 		-6.6121 		11.983
v 5.9505 		-6.6196 		11.983
v 5.9665 		-6.625 		11.983
v 5.9831 		-6.6283 		11.983
v 6 		-6.6294 		11.983
v 6.0169 		-6.6283 		11.983
v 6.0335 		-6.625 		11.983
v 6.0495 		-6.6196 		11.983
v 6.0647 		-6.6121 		11.983
v 6.0788 		-6.6027 		11.983
v 6.0915 		-6.5915 		11.983
v 6.1027 		-6.5788 		11.983
v 6.1121 		-6.5647 		11.983
v 6.1196 		-6.5495 		11.983
v 6.125 		-6.5335 		11.983
v 6.1283 		-6.5169 		11.983
v 6.1294 		-6.5 		11.983
v 6.1283 		-6.4831 		11.983
v 6.125 		-6.4665 		11.983
v 6.1196 		-6.4505 		11.983
v 6.1121 		-6.4353 		11.983
v 6.1027 		-6.4212 		11.983
v 6.0915 		-6.4085 		11.983
v 6.0788 		-6.3973 		11.983
v 6.0647 		-6.3879 		11.983
v 6.0495 		-6.3804 		11.983
v 6.0335 		-6.375 		11.983
v 6.0169 		-6.3717 		11.983
v 6 		-6.3706 		11.983
v 5.9831 		-6.3717 		11.983
v 5.9665 		-6.375 		11.983
v 5.9505 		-6.3804 		11.983
v 5.9353 		-6.3879 		11.983
v 5.9212 		-6.3973 		11.983
v 5.9085 		-6.4085 		11.983
v 5.8973 		-6.4212 		11.983
v 5.8879 		-6.4353 		11.983
v 5.8804 		-6.4505 		11.983
v 5.875 		-6.4665 		11.983
v 5.8717 		-6.4831 		11.983
v 5.8103 		-6.525 		11.9619
v 5.8087 		-6.5 		11.9619
v 5.8152 		-6.5495 		11.9619
v 5.8232 		-6.5732 		11.9619
v 5.8343 		-6.5957 		11.9619
v 5.8482 		-6.6165 		11.9619
v 5.8647 		-6.6353 		11.9619
v 5.8835 		-6.6518 		11.9619
v 5.9043 		-6.6657 		11.9619
v 5.9268 		-6.6768 		11.9619
v 5.9505 		-6.6848 		11.9619
v 5.975 		-6.6897 		11.9619
v 6 		-6.6913 		11.9619
v 6.025 		-6.6897 		11.9619
v 6.0495 		-6.6848 		11.9619
v 6.0732 		-6.6768 		11.9619
v 6.0957 		-6.6657 		11.9619
v 6.1165 		-6.6518 		11.9619
v 6.1353 		-6.6353 		11.9619
v 6.1518 		-6.6165 		11.9619
v 6.1657 		-6.5957 		11.9619
v 6.1768 		-6.5732 		11.9619
v 6.1848 		-6.5495 		11.9619
v 6.1897 		-6.525 		11.9619
v 6.1913 		-6.5 		11.9619
v 6.1897 		-6.475 		11.9619
v 6.1848 		-6.4505 		11.9619
v 6.1768 		-6.4268 		11.9619
v 6.1657 		-6.4043 		11.9619
v 6.1518 		-6.3835 		11.9619
v 6.1353 		-6.3647 		11.9619
v 6.1165 		-6.3482 		11.9619
v 6.0957 		-6.3343 		11.9619
v 6.0732 		-6.3232 		11.9619
v 6.0495 		-6.3152 		11.9619
v 6.025 		-6.3103 		11.9619
v 6 		-6.3087 		11.9619
v 5.975 		-6.3103 		11.9619
v 5.9505 		-6.3152 		11.9619
v 5.9268 		-6.3232 		11.9619
v 5.9043 		-6.3343 		11.9619
v 5.8835 		-6.3482 		11.9619
v 5.8647 		-6.3647 		11.9619
v 5.8482 		-6.3835 		11.9619
v 5.8343 		-6.4043 		11.9619
v 5.8232 		-6.4268 		11.9619
v 5.8152 		-6.4505 		11.9619
v 5.8103 		-6.475 		11.9619
v 5.7521 		-6.5326 		11.933
v 5.75 		-6.5 		11.933
v 5.7585 		-6.5647 		11.933
v 5.769 		-6.5957 		11.933
v 5.7835 		-6.625 		11.933
v 5.8017 		-6.6522 		11.933
v 5.8232 		-6.6768 		11.933
v 5.8478 		-6.6983 		11.933
v 5.875 		-6.7165 		11.933
v 5.9043 		-6.731 		11.933
v 5.9353 		-6.7415 		11.933
v 5.9674 		-6.7479 		11.933
v 6 		-6.75 		11.933
v 6.0326 		-6.7479 		11.933
v 6.0647 		-6.7415 		11.933
v 6.0957 		-6.731 		11.933
v 6.125 		-6.7165 		11.933
v 6.1522 		-6.6983 		11.933
v 6.1768 		-6.6768 		11.933
v 6.1983 		-6.6522 		11.933
v 6.2165 		-6.625 		11.933
v 6.231 		-6.5957 		11.933
v 6.2415 		-6.5647 		11.933
v 6.2479 		-6.5326 		11.933
v 6.25 		-6.5 		11.933
v 6.2479 		-6.4674 		11.933
v 6.2415 		-6.4353 		11.933
v 6.231 		-6.4043 		11.933
v 6.2165 		-6.375 		11.933
v 6.1983 		-6.3478 		11.933
v 6.1768 		-6.3232 		11.933
v 6.1522 		-6.3017 		11.933
v 6.125 		-6.2835 		11.933
v 6.0957 		-6.269 		11.933
v 6.0647 		-6.2585 		11.933
v 6.0326 		-6.2521 		11.933
v 6 		-6.25 		11.933
v 5.9674 		-6.2521 		11.933
v 5.9353 		-6.2585 		11.933
v 5.9043 		-6.269 		11.933
v 5.875 		-6.2835 		11.933
v 5.8478 		-6.3017 		11.933
v 5.8232 		-6.3232 		11.933
v 5.8017 		-6.3478 		11.933
v 5.7835 		-6.375 		11.933
v 5.769 		-6.4043 		11.933
v 5.7585 		-6.4353 		11.933
v 5.7521 		-6.4674 		11.933
v 5.6982 		-6.5397 		11.8967
v 5.6956 		-6.5 		11.8967
v 5.706 		-6.5788 		11.8967
v 5.7188 		-6.6165 		11.8967
v 5.7364 		-6.6522 		11.8967
v 5.7585 		-6.6853 		11.8967
v 5.7848 		-6.7152 		11.8967
v 5.8147 		-6.7415 		11.8967
v 5.8478 		-6.7636 		11.8967
v 5.8835 		-6.7812 		11.8967
v 5.9212 		-6.794 		11.8967
v 5.9603 		-6.8018 		11.8967
v 6 		-6.8044 		11.8967
v 6.0397 		-6.8018 		11.8967
v 6.0788 		-6.794 		11.8967
v 6.1165 		-6.7812 		11.8967
v 6.1522 		-6.7636 		11.8967
v 6.1853 		-6.7415 		11.8967
v 6.2152 		-6.7152 		11.8967
v 6.2415 		-6.6853 		11.8967
v 6.2636 		-6.6522 		11.8967
v 6.2812 		-6.6165 		11.8967
v 6.294 		-6.5788 		11.8967
v 6.3018 		-6.5397 		11.8967
v 6.3044 		-6.5 		11.8967
v 6.3018 		-6.4603 		11.8967
v 6.294 		-6.4212 		11.8967
v 6.2812 		-6.3835 		11.8967
v 6.2636 		-6.3478 		11.8967
v 6.2415 		-6.3147 		11.8967
v 6.2152 		-6.2848 		11.8967
v 6.1853 		-6.2585 		11.8967
v 6.1522 		-6.2364 		11.8967
v 6.1165 		-6.2188 		11.8967
v 6.0788 		-6.206 		11.8967
v 6.0397 		-6.1982 		11.8967
v 6 		-6.1956 		11.8967
v 5.9603 		-6.1982 		11.8967
v 5.9212 		-6.206 		11.8967
v 5.8835 		-6.2188 		11.8967
v 5.8478 		-6.2364 		11.8967
v 5.8147 		-6.2585 		11.8967
v 5.7848 		-6.2848 		11.8967
v 5.7585 		-6.3147 		11.8967
v 5.7364 		-6.3478 		11.8967
v 5.7188 		-6.3835 		11.8967
v 5.706 		-6.4212 		11.8967
v 5.6982 		-6.4603 		11.8967
v 5.6495 		-6.5461 		11.8536
v 5.6464 		-6.5 		11.8536
v 5.6585 		-6.5915 		11.8536
v 5.6734 		-6.6353 		11.8536
v 5.6938 		-6.6768 		11.8536
v 5.7195 		-6.7152 		11.8536
v 5.75 		-6.75 		11.8536
v 5.7848 		-6.7805 		11.8536
v 5.8232 		-6.8062 		11.8536
v 5.8647 		-6.8266 		11.8536
v 5.9085 		-6.8415 		11.8536
v 5.9539 		-6.8505 		11.8536
v 6 		-6.8536 		11.8536
v 6.0461 		-6.8505 		11.8536
v 6.0915 		-6.8415 		11.8536
v 6.1353 		-6.8266 		11.8536
v 6.1768 		-6.8062 		11.8536
v 6.2152 		-6.7805 		11.8536
v 6.25 		-6.75 		11.8536
v 6.2805 		-6.7152 		11.8536
v 6.3062 		-6.6768 		11.8536
v 6.3266 		-6.6353 		11.8536
v 6.3415 		-6.5915 		11.8536
v 6.3505 		-6.5461 		11.8536
v 6.3536 		-6.5 		11.8536
v 6.3505 		-6.4539 		11.8536
v 6.3415 		-6.4085 		11.8536
v 6.3266 		-6.3647 		11.8536
v 6.3062 		-6.3232 		11.8536
v 6.2805 		-6.2848 		11.8536
v 6.25 		-6.25 		11.8536
v 6.2152 		-6.2195 		11.8536
v 6.1768 		-6.1938 		11.8536
v 6.1353 		-6.1734 		11.8536
v 6.0915 		-6.1585 		11.8536
v 6.0461 		-6.1495 		11.8536
v 6 		-6.1464 		11.8536
v 5.9539 		-6.1495 		11.8536
v 5.9085 		-6.1585 		11.8536
v 5.8647 		-6.1734 		11.8536
v 5.8232 		-6.1938 		11.8536
v 5.7848 		-6.2195 		11.8536
v 5.75 		-6.25 		11.8536
v 5.7195 		-6.2848 		11.8536
v 5.6938 		-6.3232 		11.8536
v 5.6734 		-6.3647 		11.8536
v 5.6585 		-6.4085 		11.8536
v 5.6495 		-6.4539 		11.8536
v 5.6067 		-6.5518 		11.8044
v 5.6033 		-6.5 		11.8044
v 5.6168 		-6.6027 		11.8044
v 5.6335 		-6.6518 		11.8044
v 5.6565 		-6.6983 		11.8044
v 5.6853 		-6.7415 		11.8044
v 5.7195 		-6.7805 		11.8044
v 5.7585 		-6.8147 		11.8044
v 5.8017 		-6.8435 		11.8044
v 5.8482 		-6.8665 		11.8044
v 5.8973 		-6.8832 		11.8044
v 5.9482 		-6.8933 		11.8044
v 6 		-6.8967 		11.8044
v 6.0518 		-6.8933 		11.8044
v 6.1027 		-6.8832 		11.8044
v 6.1518 		-6.8665 		11.8044
v 6.1983 		-6.8435 		11.8044
v 6.2415 		-6.8147 		11.8044
v 6.2805 		-6.7805 		11.8044
v 6.3147 		-6.7415 		11.8044
v 6.3435 		-6.6983 		11.8044
v 6.3665 		-6.6518 		11.8044
v 6.3832 		-6.6027 		11.8044
v 6.3933 		-6.5518 		11.8044
v 6.3967 		-6.5 		11.8044
v 6.3933 		-6.4482 		11.8044
v 6.3832 		-6.3973 		11.8044
v 6.3665 		-6.3482 		11.8044
v 6.3435 		-6.3017 		11.8044
v 6.3147 		-6.2585 		11.8044
v 6.2805 		-6.2195 		11.8044
v 6.2415 		-6.1853 		11.8044
v 6.1983 		-6.1565 		11.8044
v 6.1518 		-6.1335 		11.8044
v 6.1027 		-6.1168 		11.8044
v 6.0518 		-6.1067 		11.8044
v 6 		-6.1033 		11.8044
v 5.9482 		-6.1067 		11.8044
v 5.8973 		-6.1168 		11.8044
v 5.8482 		-6.1335 		11.8044
v 5.8017 		-6.1565 		11.8044
v 5.7585 		-6.1853 		11.8044
v 5.7195 		-6.2195 		11.8044
v 5.6853 		-6.2585 		11.8044
v 5.6565 		-6.3017 		11.8044
v 5.6335 		-6.3482 		11.8044
v 5.6168 		-6.3973 		11.8044
v 5.6067 		-6.4482 		11.8044
v 5.5707 		-6.5565 		11.75
v 5.567 		-6.5 		11.75
v 5.5817 		-6.6121 		11.75
v 5.5999 		-6.6657 		11.75
v 5.625 		-6.7165 		11.75
v 5.6565 		-6.7636 		11.75
v 5.6938 		-6.8062 		11.75
v 5.7364 		-6.8435 		11.75
v 5.7835 		-6.875 		11.75
v 5.8343 		-6.9001 		11.75
v 5.8879 		-6.9183 		11.75
v 5.9435 		-6.9293 		11.75
v 6 		-6.933 		11.75
v 6.0565 		-6.9293 		11.75
v 6.1121 		-6.9183 		11.75
v 6.1657 		-6.9001 		11.75
v 6.2165 		-6.875 		11.75
v 6.2636 		-6.8435 		11.75
v 6.3062 		-6.8062 		11.75
v 6.3435 		-6.7636 		11.75
v 6.375 		-6.7165 		11.75
v 6.4001 		-6.6657 		11.75
v 6.4183 		-6.6121 		11.75
v 6.4293 		-6.5565 		11.75
v 6.433 		-6.5 		11.75
v 6.4293 		-6.4435 		11.75
v 6.4183 		-6.3879 		11.75
v 6.4001 		-6.3343 		11.75
v 6.375 		-6.2835 		11.75
v 6.3435 		-6.2364 		11.75
v 6.3062 		-6.1938 		11.75
v 6.2636 		-6.1565 		11.75
v 6.2165 		-6.125 		11.75
v 6.1657 		-6.0999 		11.75
v 6.1121 		-6.0817 		11.75
v 6.0565 		-6.0707 		11.75
v 6 		-6.067 		11.75
v 5.9435 		-6.0707 		11.75
v 5.8879 		-6.0817 		11.75
v 5.8343 		-6.0999 		11.75
v 5.7835 		-6.125 		11.75
v 5.7364 		-6.1565 		11.75
v 5.6938 		-6.1938 		11.75
v 5.6565 		-6.2364 		11.75
v 5.625 		-6.2835 		11.75
v 5.5999 		-6.3343 		11.75
v 5.5817 		-6.3879 		11.75
v 5.5707 		-6.4435 		11.75
v 5.542 		-6.5603 		11.6913
v 5.5381 		-6.5 		11.6913
v 5.5538 		-6.6196 		11.6913
v 5.5732 		-6.6768 		11.6913
v 5.5999 		-6.731 		11.6913
v 5.6335 		-6.7812 		11.6913
v 5.6734 		-6.8266 		11.6913
v 5.7188 		-6.8665 		11.6913
v 5.769 		-6.9001 		11.6913
v 5.8232 		-6.9268 		11.6913
v 5.8804 		-6.9462 		11.6913
v 5.9397 		-6.958 		11.6913
v 6 		-6.9619 		11.6913
v 6.0603 		-6.958 		11.6913
v 6.1196 		-6.9462 		11.6913
v 6.1768 		-6.9268 		11.6913
v 6.231 		-6.9001 		11.6913
v 6.2812 		-6.8665 		11.6913
v 6.3266 		-6.8266 		11.6913
v 6.3665 		-6.7812 		11.6913
v 6.4001 		-6.731 		11.6913
v 6.4268 		-6.6768 		11.6913
v 6.4462 		-6.6196 		11.6913
v 6.458 		-6.5603 		11.6913
v 6.4619 		-6.5 		11.6913
v 6.458 		-6.4397 		11.6913
v 6.4462 		-6.3804 		11.6913
v 6.4268 		-6.3232 		11.6913
v 6.4001 		-6.269 		11.6913
v 6.3665 		-6.2188 		11.6913
v 6.3266 		-6.1734 		11.6913
v 6.2812 		-6.1335 		11.6913
v 6.231 		-6.0999 		11.6913
v 6.1768 		-6.0732 		11.6913
v 6.1196 		-6.0538 		11.6913
v 6.0603 		-6.042 		11.6913
v 6 		-6.0381 		11.6913
v 5.9397 		-6.042 		11.6913
v 5.8804 		-6.0538 		11.6913
v 5.8232 		-6.0732 		11.6913
v 5.769 		-6.0999 		11.6913
v 5.7188 		-6.1335 		11.6913
v 5.6734 		-6.1734 		11.6913
v 5.6335 		-6.2188 		11.6913
v 5.5999 		-6.269 		11.6913
v 5.5732 		-6.3232 		11.6913
v 5.5538 		-6.3804 		11.6913
v 5.542 		-6.4397 		11.6913
v 5.5212 		-6.563 		11.6294
v 5.517 		-6.5 		11.6294
v 5.5335 		-6.625 		11.6294
v 5.5538 		-6.6848 		11.6294
v 5.5817 		-6.7415 		11.6294
v 5.6168 		-6.794 		11.6294
v 5.6585 		-6.8415 		11.6294
v 5.706 		-6.8832 		11.6294
v 5.7585 		-6.9183 		11.6294
v 5.8152 		-6.9462 		11.6294
v 5.875 		-6.9665 		11.6294
v 5.937 		-6.9788 		11.6294
v 6 		-6.983 		11.6294
v 6.063 		-6.9788 		11.6294
v 6.125 		-6.9665 		11.6294
v 6.1848 		-6.9462 		11.6294
v 6.2415 		-6.9183 		11.6294
v 6.294 		-6.8832 		11.6294
v 6.3415 		-6.8415 		11.6294
v 6.3832 		-6.794 		11.6294
v 6.4183 		-6.7415 		11.6294
v 6.4462 		-6.6848 		11.6294
v 6.4665 		-6.625 		11.6294
v 6.4788 		-6.563 		11.6294
v 6.483 		-6.5 		11.6294
v 6.4788 		-6.437 		11.6294
v 6.4665 		-6.375 		11.6294
v 6.4462 		-6.3152 		11.6294
v 6.4183 		-6.2585 		11.6294
v 6.3832 		-6.206 		11.6294
v 6.3415 		-6.1585 		11.6294
v 6.294 		-6.1168 		11.6294
v 6.2415 		-6.0817 		11.6294
v 6.1848 		-6.0538 		11.6294
v 6.125 		-6.0335 		11.6294
v 6.063 		-6.0212 		11.6294
v 6 		-6.017 		11.6294
v 5.937 		-6.0212 		11.6294
v 5.875 		-6.0335 		11.6294
v 5.8152 		-6.0538 		11.6294
v 5.7585 		-6.0817 		11.6294
v 5.706 		-6.1168 		11.6294
v 5.6585 		-6.1585 		11.6294
v 5.6168 		-6.206 		11.6294
v 5.5817 		-6.2585 		11.6294
v 5.5538 		-6.3152 		11.6294
v 5.5335 		-6.375 		11.6294
v 5.5212 		-6.437 		11.6294
v 5.5085 		-6.5647 		11.5653
v 5.5043 		-6.5 		11.5653
v 5.5212 		-6.6283 		11.5653
v 5.542 		-6.6897 		11.5653
v 5.5707 		-6.7479 		11.5653
v 5.6067 		-6.8018 		11.5653
v 5.6495 		-6.8505 		11.5653
v 5.6982 		-6.8933 		11.5653
v 5.7521 		-6.9293 		11.5653
v 5.8103 		-6.958 		11.5653
v 5.8717 		-6.9788 		11.5653
v 5.9353 		-6.9915 		11.5653
v 6 		-6.9957 		11.5653
v 6.0647 		-6.9915 		11.5653
v 6.1283 		-6.9788 		11.5653
v 6.1897 		-6.958 		11.5653
v 6.2479 		-6.9293 		11.5653
v 6.3018 		-6.8933 		11.5653
v 6.3505 		-6.8505 		11.5653
v 6.3933 		-6.8018 		11.5653
v 6.4293 		-6.7479 		11.5653
v 6.458 		-6.6897 		11.5653
v 6.4788 		-6.6283 		11.5653
v 6.4915 		-6.5647 		11.5653
v 6.4957 		-6.5 		11.5653
v 6.4915 		-6.4353 		11.5653
v 6.4788 		-6.3717 		11.5653
v 6.458 		-6.3103 		11.5653
v 6.4293 		-6.2521 		11.5653
v 6.3933 		-6.1982 		11.5653
v 6.3505 		-6.1495 		11.5653
v 6.3018 		-6.1067 		11.5653
v 6.2479 		-6.0707 		11.5653
v 6.1897 		-6.042 		11.5653
v 6.1283 		-6.0212 		11.5653
v 6.0647 		-6.0085 		11.5653
v 6 		-6.0043 		11.5653
v 5.9353 		-6.0085 		11.5653
v 5.8717 		-6.0212 		11.5653
v 5.8103 		-6.042 		11.5653
v 5.7521 		-6.0707 		11.5653
v 5.6982 		-6.1067 		11.5653
v 5.6495 		-6.1495 		11.5653
v 5.6067 		-6.1982 		11.5653
v 5.5707 		-6.2521 		11.5653
v 5.542 		-6.3103 		11.5653
v 5.5212 		-6.3717 		11.5653
v 5.5085 		-6.4353 		11.5653
v 5.5043 		-6.5653 		11.5
v 5.5 		-6.5 		11.5
v 5.517 		-6.6294 		11.5
v 5.5381 		-6.6913 		11.5
v 5.567 		-6.75 		11.5
v 5.6033 		-6.8044 		11.5
v 5.6464 		-6.8536 		11.5
v 5.6956 		-6.8967 		11.5
v 5.75 		-6.933 		11.5
v 5.8087 		-6.9619 		11.5
v 5.8706 		-6.983 		11.5
v 5.9347 		-6.9957 		11.5
v 6 		-7 		11.5
v 6.0653 		-6.9957 		11.5
v 6.1294 		-6.983 		11.5
v 6.1913 		-6.9619 		11.5
v 6.25 		-6.933 		11.5
v 6.3044 		-6.8967 		11.5
v 6.3536 		-6.8536 		11.5
v 6.3967 		-6.8044 		11.5
v 6.433 		-6.75 		11.5
v 6.4619 		-6.6913 		11.5
v 6.483 		-6.6294 		11.5
v 6.4957 		-6.5653 		11.5
v 6.5 		-6.5 		11.5
v 6.4957 		-6.4347 		11.5
v 6.483 		-6.3706 		11.5
v 6.4619 		-6.3087 		11.5
v 6.433 		-6.25 		11.5
v 6.3967 		-6.1956 		11.5
v 6.3536 		-6.1464 		11.5
v 6.3044 		-6.1033 		11.5
v 6.25 		-6.067 		11.5
v 6.1913 		-6.0381 		11.5
v 6.1294 		-6.017 		11.5
v 6.0653 		-6.0043 		11.5
v 6 		-6 		11.5
v 5.9347 		-6.0043 		11.5
v 5.8706 		-6.017 		11.5
v 5.8087 		-6.0381 		11.5
v 5.75 		-6.067 		11.5
v 5.6956 		-6.1033 		11.5
v 5.6464 		-6.1464 		11.5
v 5.6033 		-6.1956 		11.5
v 5.567 		-6.25 		11.5
v 5.5381 		-6.3087 		11.5
v 5.517 		-6.3706 		11.5
v 5.5043 		-6.4347 		11.5
v 5.5085 		-6.5647 		11.4347
v 5.5043 		-6.5 		11.4347
v 5.5212 		-6.6283 		11.4347
v 5.542 		-6.6897 		11.4347
v 5.5707 		-6.7479 		11.4347
v 5.6067 		-6.8018 		11.4347
v 5.6495 		-6.8505 		11.4347
v 5.6982 		-6.8933 		11.4347
v 5.7521 		-6.9293 		11.4347
v 5.8103 		-6.958 		11.4347
v 5.8717 		-6.9788 		11.4347
v 5.9353 		-6.9915 		11.4347
v 6 		-6.9957 		11.4347
v 6.0647 		-6.9915 		11.4347
v 6.1283 		-6.9788 		11.4347
v 6.1897 		-6.958 		11.4347
v 6.2479 		-6.9293 		11.4347
v 6.3018 		-6.8933 		11.4347
v 6.3505 		-6.8505 		11.4347
v 6.3933 		-6.8018 		11.4347
v 6.4293 		-6.7479 		11.4347
v 6.458 		-6.6897 		11.4347
v 6.4788 		-6.6283 		11.4347
v 6.4915 		-6.5647 		11.4347
v 6.4957 		-6.5 		11.4347
v 6.4915 		-6.4353 		11.4347
v 6.4788 		-6.3717 		11.4347
v 6.458 		-6.3103 		11.4347
v 6.4293 		-6.2521 		11.4347
v 6.3933 		-6.1982 		11.4347
v 6.3505 		-6.1495 		11.4347
v 6.3018 		-6.1067 		11.4347
v 6.2479 		-6.0707 		11.4347
v 6.1897 		-6.042 		11.4347
v 6.1283 		-6.0212 		11.4347
v 6.0647 		-6.0085 		11.4347
v 6 		-6.0043 		11.4347
v 5.9353 		-6.0085 		11.4347
v 5.8717 		-6.0212 		11.4347
v 5.8103 		-6.042 		11.4347
v 5.7521 		-6.0707 		11.4347
v 5.6982 		-6.1067 		11.4347
v 5.6495 		-6.1495 		11.4347
v 5.6067 		-6.1982 		11.4347
v 5.5707 		-6.2521 		11.4347
v 5.542 		-6.3103 		11.4347
v 5.5212 		-6.3717 		11.4347
v 5.5085 		-6.4353 		11.4347
v 5.5212 		-6.563 		11.3706
v 5.517 		-6.5 		11.3706
v 5.5335 		-6.625 		11.3706
v 5.5538 		-6.6848 		11.3706
v 5.5817 		-6.7415 		11.3706
v 5.6168 		-6.794 		11.3706
v 5.6585 		-6.8415 		11.3706
v 5.706 		-6.8832 		11.3706
v 5.7585 		-6.9183 		11.3706
v 5.8152 		-6.9462 		11.3706
v 5.875 		-6.9665 		11.3706
v 5.937 		-6.9788 		11.3706
v 6 		-6.983 		11.3706
v 6.063 		-6.9788 		11.3706
v 6.125 		-6.9665 		11.3706
v 6.1848 		-6.9462 		11.3706
v 6.2415 		-6.9183 		11.3706
v 6.294 		-6.8832 		11.3706
v 6.3415 		-6.8415 		11.3706
v 6.3832 		-6.794 		11.3706
v 6.4183 		-6.7415 		11.3706
v 6.4462 		-6.6848 		11.3706
v 6.4665 		-6.625 		11.3706
v 6.4788 		-6.563 		11.3706
v 6.483 		-6.5 		11.3706
v 6.4788 		-6.437 		11.3706
v 6.4665 		-6.375 		11.3706
v 6.4462 		-6.3152 		11.3706
v 6.4183 		-6.2585 		11.3706
v 6.3832 		-6.206 		11.3706
v 6.3415 		-6.1585 		11.3706
v 6.294 		-6.1168 		11.3706
v 6.2415 		-6.0817 		11.3706
v 6.1848 		-6.0538 		11.3706
v 6.125 		-6.0335 		11.3706
v 6.063 		-6.0212 		11.3706
v 6 		-6.017 		11.3706
v 5.937 		-6.0212 		11.3706
v 5.875 		-6.0335 		11.3706
v 5.8152 		-6.0538 		11.3706
v 5.7585 		-6.0817 		11.3706
v 5.706 		-6.1168 		11.3706
v 5.6585 		-6.1585 		11.3706
v 5.6168 		-6.206 		11.3706
v 5.5817 		-6.2585 		11.3706
v 5.5538 		-6.3152 		11.3706
v 5.5335 		-6.375 		11.3706
v 5.5212 		-6.437 		11.3706
v 5.542 		-6.5603 		11.3087
v 5.5381 		-6.5 		11.3087
v 5.5538 		-6.6196 		11.3087
v 5.5732 		-6.6768 		11.3087
v 5.5999 		-6.731 		11.3087
v 5.6335 		-6.7812 		11.3087
v 5.6734 		-6.8266 		11.3087
v 5.7188 		-6.8665 		11.3087
v 5.769 		-6.9001 		11.3087
v 5.8232 		-6.9268 		11.3087
v 5.8804 		-6.9462 		11.3087
v 5.9397 		-6.958 		11.3087
v 6 		-6.9619 		11.3087
v 6.0603 		-6.958 		11.3087
v 6.1196 		-6.9462 		11.3087
v 6.1768 		-6.9268 		11.3087
v 6.231 		-6.9001 		11.3087
v 6.2812 		-6.8665 		11.3087
v 6.3266 		-6.8266 		11.3087
v 6.3665 		-6.7812 		11.3087
v 6.4001 		-6.731 		11.3087
v 6.4268 		-6.6768 		11.3087
v 6.4462 		-6.6196 		11.3087
v 6.458 		-6.5603 		11.3087
v 6.4619 		-6.5 		11.3087
v 6.458 		-6.4397 		11.3087
v 6.4462 		-6.3804 		11.3087
v 6.4268 		-6.3232 		11.3087
v 6.4001 		-6.269 		11.3087
v 6.3665 		-6.2188 		11.3087
v 6.3266 		-6.1734 		11.3087
v 6.2812 		-6.1335 		11.3087
v 6.231 		-6.0999 		11.3087
v 6.1768 		-6.0732 		11.3087
v 6.1196 		-6.0538 		11.3087
v 6.0603 		-6.042 		11.3087
v 6 		-6.0381 		11.3087
v 5.9397 		-6.042 		11.3087
v 5.8804 		-6.0538 		11.3087
v 5.8232 		-6.0732 		11.3087
v 5.769 		-6.0999 		11.3087
v 5.7188 		-6.1335 		11.3087
v 5.6734 		-6.1734 		11.3087
v 5.6335 		-6.2188 		11.3087
v 5.5999 		-6.269 		11.3087
v 5.5732 		-6.3232 		11.3087
v 5.5538 		-6.3804 		11.3087
v 5.542 		-6.4397 		11.3087
v 5.5707 		-6.5565 		11.25
v 5.567 		-6.5 		11.25
v 5.5817 		-6.6121 		11.25
v 5.5999 		-6.6657 		11.25
v 5.625 		-6.7165 		11.25
v 5.6565 		-6.7636 		11.25
v 5.6938 		-6.8062 		11.25
v 5.7364 		-6.8435 		11.25
v 5.7835 		-6.875 		11.25
v 5.8343 		-6.9001 		11.25
v 5.8879 		-6.9183 		11.25
v 5.9435 		-6.9293 		11.25
v 6 		-6.933 		11.25
v 6.0565 		-6.9293 		11.25
v 6.1121 		-6.9183 		11.25
v 6.1657 		-6.9001 		11.25
v 6.2165 		-6.875 		11.25
v 6.2636 		-6.8435 		11.25
v 6.3062 		-6.8062 		11.25
v 6.3435 		-6.7636 		11.25
v 6.375 		-6.7165 		11.25
v 6.4001 		-6.6657 		11.25
v 6.4183 		-6.6121 		11.25
v 6.4293 		-6.5565 		11.25
v 6.433 		-6.5 		11.25
v 6.4293 		-6.4435 		11.25
v 6.4183 		-6.3879 		11.25
v 6.4001 		-6.3343 		11.25
v 6.375 		-6.2835 		11.25
v 6.3435 		-6.2364 		11.25
v 6.3062 		-6.1938 		11.25
v 6.2636 		-6.1565 		11.25
v 6.2165 		-6.125 		11.25
v 6.1657 		-6.0999 		11.25
v 6.1121 		-6.0817 		11.25
v 6.0565 		-6.0707 		11.25
v 6 		-6.067 		11.25
v 5.9435 		-6.0707 		11.25
v 5.8879 		-6.0817 		11.25
v 5.8343 		-6.0999 		11.25
v 5.7835 		-6.125 		11.25
v 5.7364 		-6.1565 		11.25
v 5.6938 		-6.1938 		11.25
v 5.6565 		-6.2364 		11.25
v 5.625 		-6.2835 		11.25
v 5.5999 		-6.3343 		11.25
v 5.5817 		-6.3879 		11.25
v 5.5707 		-6.4435 		11.25
v 5.6067 		-6.5518 		11.1956
v 5.6033 		-6.5 		11.1956
v 5.6168 		-6.6027 		11.1956
v 5.6335 		-6.6518 		11.1956
v 5.6565 		-6.6983 		11.1956
v 5.6853 		-6.7415 		11.1956
v 5.7195 		-6.7805 		11.1956
v 5.7585 		-6.8147 		11.1956
v 5.8017 		-6.8435 		11.1956
v 5.8482 		-6.8665 		11.1956
v 5.8973 		-6.8832 		11.1956
v 5.9482 		-6.8933 		11.1956
v 6 		-6.8967 		11.1956
v 6.0518 		-6.8933 		11.1956
v 6.1027 		-6.8832 		11.1956
v 6.1518 		-6.8665 		11.1956
v 6.1983 		-6.8435 		11.1956
v 6.2415 		-6.8147 		11.1956
v 6.2805 		-6.7805 		11.1956
v 6.3147 		-6.7415 		11.1956
v 6.3435 		-6.6983 		11.1956
v 6.3665 		-6.6518 		11.1956
v 6.3832 		-6.6027 		11.1956
v 6.3933 		-6.5518 		11.1956
v 6.3967 		-6.5 		11.1956
v 6.3933 		-6.4482 		11.1956
v 6.3832 		-6.3973 		11.1956
v 6.3665 		-6.3482 		11.1956
v 6.3435 		-6.3017 		11.1956
v 6.3147 		-6.2585 		11.1956
v 6.2805 		-6.2195 		11.1956
v 6.2415 		-6.1853 		11.1956
v 6.1983 		-6.1565 		11.1956
v 6.1518 		-6.1335 		11.1956
v 6.1027 		-6.1168 		11.1956
v 6.0518 		-6.1067 		11.1956
v 6 		-6.1033 		11.1956
v 5.9482 		-6.1067 		11.1956
v 5.8973 		-6.1168 		11.1956
v 5.8482 		-6.1335 		11.1956
v 5.8017 		-6.1565 		11.1956
v 5.7585 		-6.1853 		11.1956
v 5.7195 		-6.2195 		11.1956
v 5.6853 		-6.2585 		11.1956
v 5.6565 		-6.3017 		11.1956
v 5.6335 		-6.3482 		11.1956
v 5.6168 		-6.3973 		11.1956
v 5.6067 		-6.4482 		11.1956
v 5.6495 		-6.5461 		11.1464
v 5.6464 		-6.5 		11.1464
v 5.6585 		-6.5915 		11.1464
v 5.6734 		-6.6353 		11.1464
v 5.6938 		-6.6768 		11.1464
v 5.7195 		-6.7152 		11.1464
v 5.75 		-6.75 		11.1464
v 5.7848 		-6.7805 		11.1464
v 5.8232 		-6.8062 		11.1464
v 5.8647 		-6.8266 		11.1464
v 5.9085 		-6.8415 		11.1464
v 5.9539 		-6.8505 		11.1464
v 6 		-6.8536 		11.1464
v 6.0461 		-6.8505 		11.1464
v 6.0915 		-6.8415 		11.1464
v 6.1353 		-6.8266 		11.1464
v 6.1768 		-6.8062 		11.1464
v 6.2152 		-6.7805 		11.1464
v 6.25 		-6.75 		11.1464
v 6.2805 		-6.7152 		11.1464
v 6.3062 		-6.6768 		11.1464
v 6.3266 		-6.6353 		11.1464
v 6.3415 		-6.5915 		11.1464
v 6.3505 		-6.5461 		11.1464
v 6.3536 		-6.5 		11.1464
v 6.3505 		-6.4539 		11.1464
v 6.3415 		-6.4085 		11.1464
v 6.3266 		-6.3647 		11.1464
v 6.3062 		-6.3232 		11.1464
v 6.2805 		-6.2848 		11.1464
v 6.25 		-6.25 		11.1464
v 6.2152 		-6.2195 		11.1464
v 6.1768 		-6.1938 		11.1464
v 6.1353 		-6.1734 		11.1464
v 6.0915 		-6.1585 		11.1464
v 6.0461 		-6.1495 		11.1464
v 6 		-6.1464 		11.1464
v 5.9539 		-6.1495 		11.1464
v 5.9085 		-6.1585 		11.1464
v 5.8647 		-6.1734 		11.1464
v 5.8232 		-6.1938 		11.1464
v 5.7848 		-6.2195 		11.1464
v 5.75 		-6.25 		11.1464
v 5.7195 		-6.2848 		11.1464
v 5.6938 		-6.3232 		11.1464
v 5.6734 		-6.3647 		11.1464
v 5.6585 		-6.4085 		11.1464
v 5.6495 		-6.4539 		11.1464
v 5.6982 		-6.5397 		11.1033
v 5.6956 		-6.5 		11.1033
v 5.706 		-6.5788 		11.1033
v 5.7188 		-6.6165 		11.1033
v 5.7364 		-6.6522 		11.1033
v 5.7585 		-6.6853 		11.1033
v 5.7848 		-6.7152 		11.1033
v 5.8147 		-6.7415 		11.1033
v 5.8478 		-6.7636 		11.1033
v 5.8835 		-6.7812 		11.1033
v 5.9212 		-6.794 		11.1033
v 5.9603 		-6.8018 		11.1033
v 6 		-6.8044 		11.1033
v 6.0397 		-6.8018 		11.1033
v 6.0788 		-6.794 		11.1033
v 6.1165 		-6.7812 		11.1033
v 6.1522 		-6.7636 		11.1033
v 6.1853 		-6.7415 		11.1033
v 6.2152 		-6.7152 		11.1033
v 6.2415 		-6.6853 		11.1033
v 6.2636 		-6.6522 		11.1033
v 6.2812 		-6.6165 		11.1033
v 6.294 		-6.5788 		11.1033
v 6.3018 		-6.5397 		11.1033
v 6.3044 		-6.5 		11.1033
v 6.3018 		-6.4603 		11.1033
v 6.294 		-6.4212 		11.1033
v 6.2812 		-6.3835 		11.1033
v 6.2636 		-6.3478 		11.1033
v 6.2415 		-6.3147 		11.1033
v 6.2152 		-6.2848 		11.1033
v 6.1853 		-6.2585 		11.1033
v 6.1522 		-6.2364 		11.1033
v 6.1165 		-6.2188 		11.1033
v 6.0788 		-6.206 		11.1033
v 6.0397 		-6.1982 		11.1033
v 6 		-6.1956 		11.1033
v 5.9603 		-6.1982 		11.1033
v 5.9212 		-6.206 		11.1033
v 5.8835 		-6.2188 		11.1033
v 5.8478 		-6.2364 		11.1033
v 5.8147 		-6.2585 		11.1033
v 5.7848 		-6.2848 		11.1033
v 5.7585 		-6.3147 		11.1033
v 5.7364 		-6.3478 		11.1033
v 5.7188 		-6.3835 		11.1033
v 5.706 		-6.4212 		11.1033
v 5.6982 		-6.4603 		11.1033
v 5.7521 		-6.5326 		11.067
v 5.75 		-6.5 		11.067
v 5.7585 		-6.5647 		11.067
v 5.769 		-6.5957 		11.067
v 5.7835 		-6.625 		11.067
v 5.8017 		-6.6522 		11.067
v 5.8232 		-6.6768 		11.067
v 5.8478 		-6.6983 		11.067
v 5.875 		-6.7165 		11.067
v 5.9043 		-6.731 		11.067
v 5.9353 		-6.7415 		11.067
v 5.9674 		-6.7479 		11.067
v 6 		-6.75 		11.067
v 6.0326 		-6.7479 		11.067
v 6.0647 		-6.7415 		11.067
v 6.0957 		-6.731 		11.067
v 6.125 		-6.7165 		11.067
v 6.1522 		-6.6983 		11.067
v 6.1768 		-6.6768 		11.067
v 6.1983 		-6.6522 		11.067
v 6.2165 		-6.625 		11.067
v 6.231 		-6.5957 		11.067
v 6.2415 		-6.5647 		11.067
v 6.2479 		-6.5326 		11.067
v 6.25 		-6.5 		11.067
v 6.2479 		-6.4674 		11.067
v 6.2415 		-6.4353 		11.067
v 6.231 		-6.4043 		11.067
v 6.2165 		-6.375 		11.067
v 6.1983 		-6.3478 		11.067
v 6.1768 		-6.3232 		11.067
v 6.1522 		-6.3017 		11.067
v 6.125 		-6.2835 		11.067
v 6.0957 		-6.269 		11.067
v 6.0647 		-6.2585 		11.067
v 6.0326 		-6.2521 		11.067
v 6 		-6.25 		11.067
v 5.9674 		-6.2521 		11.067
v 5.9353 		-6.2585 		11.067
v 5.9043 		-6.269 		11.067
v 5.875 		-6.2835 		11.067
v 5.8478 		-6.3017 		11.067
v 5.8232 		-6.3232 		11.067
v 5.8017 		-6.3478 		11.067
v 5.7835 		-6.375 		11.067
v 5.769 		-6.4043 		11.067
v 5.7585 		-6.4353 		11.067
v 5.7521 		-6.4674 		11.067
v 5.8103 		-6.525 		11.0381
v 5.8087 		-6.5 		11.0381
v 5.8152 		-6.5495 		11.0381
v 5.8232 		-6.5732 		11.0381
v 5.8343 		-6.5957 		11.0381
v 5.8482 		-6.6165 		11.0381
v 5.8647 		-6.6353 		11.0381
v 5.8835 		-6.6518 		11.0381
v 5.9043 		-6.6657 		11.0381
v 5.9268 		-6.6768 		11.0381
v 5.9505 		-6.6848 		11.0381
v 5.975 		-6.6897 		11.0381
v 6 		-6.6913 		11.0381
v 6.025 		-6.6897 		11.0381
v 6.0495 		-6.6848 		11.0381
v 6.0732 		-6.6768 		11.0381
v 6.0957 		-6.6657 		11.0381
v 6.1165 		-6.6518 		11.0381
v 6.1353 		-6.6353 		11.0381
v 6.1518 		-6.6165 		11.0381
v 6.1657 		-6.5957 		11.0381
v 6.1768 		-6.5732 		11.0381
v 6.1848 		-6.5495 		11.0381
v 6.1897 		-6.525 		11.0381
v 6.1913 		-6.5 		11.0381
v 6.1897 		-6.475 		11.0381
v 6.1848 		-6.4505 		11.0381
v 6.1768 		-6.4268 		11.0381
v 6.1657 		-6.4043 		11.0381
v 6.1518 		-6.3835 		11.0381
v 6.1353 		-6.3647 		11.0381
v 6.1165 		-6.3482 		11.0381
v 6.0957 		-6.3343 		11.0381
v 6.0732 		-6.3232 		11.0381
v 6.0495 		-6.3152 		11.0381
v 6.025 		-6.3103 		11.0381
v 6 		-6.3087 		11.0381
v 5.975 		-6.3103 		11.0381
v 5.9505 		-6.3152 		11.0381
v 5.9268 		-6.3232 		11.0381
v 5.9043 		-6.3343 		11.0381
v 5.8835 		-6.3482 		11.0381
v 5.8647 		-6.3647 		11.0381
v 5.8482 		-6.3835 		11.0381
v 5.8343 		-6.4043 		11.0381
v 5.8232 		-6.4268 		11.0381
v 5.8152 		-6.4505 		11.0381
v 5.8103 		-6.475 		11.0381
v 5.8717 		-6.5169 		11.017
v 5.8706 		-6.5 		11.017
v 5.875 		-6.5335 		11.017
v 5.8804 		-6.5495 		11.017
v 5.8879 		-6.5647 		11.017
v 5.8973 		-6.5788 		11.017
v 5.9085 		-6.5915 		11.017
v 5.9212 		-6.6027 		11.017
v 5.9353 		-6.6121 		11.017
v 5.9505 		-6.6196 		11.017
v 5.9665 		-6.625 		11.017
v 5.9831 		-6.6283 		11.017
v 6 		-6.6294 		11.017
v 6.0169 		-6.6283 		11.017
v 6.0335 		-6.625 		11.017
v 6.0495 		-6.6196 		11.017
v 6.0647 		-6.6121 		11.017
v 6.0788 		-6.6027 		11.017
v 6.0915 		-6.5915 		11.017
v 6.1027 		-6.5788 		11.017
v 6.1121 		-6.5647 		11.017
v 6.1196 		-6.5495 		11.017
v 6.125 		-6.5335 		11.017
v 6.1283 		-6.5169 		11.017
v 6.1294 		-6.5 		11.017
v 6.1283 		-6.4831 		11.017
v 6.125 		-6.4665 		11.017
v 6.1196 		-6.4505 		11.017
v 6.1121 		-6.4353 		11.017
v 6.1027 		-6.4212 		11.017
v 6.0915 		-6.4085 		11.017
v 6.0788 		-6.3973 		11.017
v 6.0647 		-6.3879 		11.017
v 6.0495 		-6.3804 		11.017
v 6.0335 		-6.375 		11.017
v 6.0169 		-6.3717 		11.017
v 6 		-6.3706 		11.017
v 5.9831 		-6.3717 		11.017
v 5.9665 		-6.375 		11.017
v 5.9505 		-6.3804 		11.017
v 5.9353 		-6.3879 		11.017
v 5.9212 		-6.3973 		11.017
v 5.9085 		-6.4085 		11.017
v 5.8973 		-6.4212 		11.017
v 5.8879 		-6.4353 		11.017
v 5.8804 		-6.4505 		11.017
v 5.875 		-6.4665 		11.017
v 5.8717 		-6.4831 		11.017
v 5.9353 		-6.5085 		11.0043
v 5.9347 		-6.5 		11.0043
v 5.937 		-6.5169 		11.0043
v 5.9397 		-6.525 		11.0043
v 5.9435 		-6.5326 		11.0043
v 5.9482 		-6.5397 		11.0043
v 5.9539 		-6.5461 		11.0043
v 5.9603 		-6.5518 		11.0043
v 5.9674 		-6.5565 		11.0043
v 5.975 		-6.5603 		11.0043
v 5.9831 		-6.563 		11.0043
v 5.9915 		-6.5647 		11.0043
v 6 		-6.5653 		11.0043
v 6.0085 		-6.5647 		11.0043
v 6.0169 		-6.563 		11.0043
v 6.025 		-6.5603 		11.0043
v 6.0326 		-6.5565 		11.0043
v 6.0397 		-6.5518 		11.0043
v 6.0461 		-6.5461 		11.0043
v 6.0518 		-6.5397 		11.0043
v 6.0565 		-6.5326 		11.0043
v 6.0603 		-6.525 		11.0043
v 6.063 		-6.5169 		11.0043
v 6.0647 		-6.5085 		11.0043
v 6.0653 		-6.5 		11.0043
v 6.0647 		-6.4915 		11.0043
v 6.063 		-6.4831 		11.0043
v 6.0603 		-6.475 		11.0043
v 6.0565 		-6.4674 		11.0043
v 6.0518 		-6.4603 		11.0043
v 6.0461 		-6.4539 		11.0043
v 6.0397 		-6.4482 		11.0043
v 6.0326 		-6.4435 		11.0043
v 6.025 		-6.4397 		11.0043
v 6.0169 		-6.437 		11.0043
v 6.0085 		-6.4353 		11.0043
v 6 		-6.4347 		11.0043
v 5.9915 		-6.4353 		11.0043
v 5.9831 		-6.437 		11.0043
v 5.975 		-6.4397 		11.0043
v 5.9674 		-6.4435 		11.0043
v 5.9603 		-6.4482 		11.0043
v 5.9539 		-6.4539 		11.0043
v 5.9482 		-6.4603 		11.0043
v 5.9435 		-6.4674 		11.0043
v 5.9397 		-6.475 		11.0043
v 5.937 		-6.4831 		11.0043
v 5.9353 		-6.4915 		11.0043
v 6 		-6.5 		11
# 1106 vertices

g group_2_2829873

usemtl color_2829873
s 0

f 2213 	2214 	2215
f 2213 	2215 	2216
f 2213 	2216 	2217
f 2213 	2217 	2218
f 2213 	2218 	2219
f 2213 	2219 	2220
f 2213 	2220 	2221
f 2213 	2221 	2222
f 2213 	2222 	2223
f 2213 	2223 	2224
f 2213 	2224 	2225
f 2213 	2225 	2226
f 2213 	2226 	2227
f 2213 	2227 	2228
f 2213 	2228 	2229
f 2213 	2229 	2230
f 2213 	2230 	2231
f 2213 	2231 	2232
f 2213 	2232 	2233
f 2213 	2233 	2234
f 2213 	2234 	2235
f 2213 	2235 	2236
f 2213 	2236 	2237
f 2213 	2237 	2238
f 2213 	2238 	2239
f 2213 	2239 	2240
f 2213 	2240 	2241
f 2213 	2241 	2242
f 2213 	2242 	2243
f 2213 	2243 	2244
f 2213 	2244 	2245
f 2213 	2245 	2246
f 2213 	2246 	2247
f 2213 	2247 	2248
f 2213 	2248 	2249
f 2213 	2249 	2250
f 2213 	2250 	2251
f 2213 	2251 	2252
f 2213 	2252 	2253
f 2213 	2253 	2254
f 2213 	2254 	2255
f 2213 	2255 	2256
f 2213 	2256 	2257
f 2213 	2257 	2258
f 2213 	2258 	2259
f 2213 	2259 	2260
f 2213 	2260 	2261
f 2213 	2261 	2214
f 2215 	2214 	2262
f 2214 	2263 	2262
f 2216 	2215 	2264
f 2215 	2262 	2264
f 2217 	2216 	2265
f 2216 	2264 	2265
f 2218 	2217 	2266
f 2217 	2265 	2266
f 2219 	2218 	2267
f 2218 	2266 	2267
f 2220 	2219 	2268
f 2219 	2267 	2268
f 2221 	2220 	2269
f 2220 	2268 	2269
f 2222 	2221 	2270
f 2221 	2269 	2270
f 2223 	2222 	2271
f 2222 	2270 	2271
f 2224 	2223 	2272
f 2223 	2271 	2272
f 2225 	2224 	2273
f 2224 	2272 	2273
f 2226 	2225 	2274
f 2225 	2273 	2274
f 2227 	2226 	2275
f 2226 	2274 	2275
f 2228 	2227 	2276
f 2227 	2275 	2276
f 2229 	2228 	2277
f 2228 	2276 	2277
f 2230 	2229 	2278
f 2229 	2277 	2278
f 2231 	2230 	2279
f 2230 	2278 	2279
f 2232 	2231 	2280
f 2231 	2279 	2280
f 2233 	2232 	2281
f 2232 	2280 	2281
f 2234 	2233 	2282
f 2233 	2281 	2282
f 2235 	2234 	2283
f 2234 	2282 	2283
f 2236 	2235 	2284
f 2235 	2283 	2284
f 2237 	2236 	2285
f 2236 	2284 	2285
f 2238 	2237 	2286
f 2237 	2285 	2286
f 2239 	2238 	2287
f 2238 	2286 	2287
f 2240 	2239 	2288
f 2239 	2287 	2288
f 2241 	2240 	2289
f 2240 	2288 	2289
f 2242 	2241 	2290
f 2241 	2289 	2290
f 2243 	2242 	2291
f 2242 	2290 	2291
f 2244 	2243 	2292
f 2243 	2291 	2292
f 2245 	2244 	2293
f 2244 	2292 	2293
f 2246 	2245 	2294
f 2245 	2293 	2294
f 2247 	2246 	2295
f 2246 	2294 	2295
f 2248 	2247 	2296
f 2247 	2295 	2296
f 2249 	2248 	2297
f 2248 	2296 	2297
f 2250 	2249 	2298
f 2249 	2297 	2298
f 2251 	2250 	2299
f 2250 	2298 	2299
f 2252 	2251 	2300
f 2251 	2299 	2300
f 2253 	2252 	2301
f 2252 	2300 	2301
f 2254 	2253 	2302
f 2253 	2301 	2302
f 2255 	2254 	2303
f 2254 	2302 	2303
f 2256 	2255 	2304
f 2255 	2303 	2304
f 2257 	2256 	2305
f 2256 	2304 	2305
f 2258 	2257 	2306
f 2257 	2305 	2306
f 2259 	2258 	2307
f 2258 	2306 	2307
f 2260 	2259 	2308
f 2259 	2307 	2308
f 2261 	2260 	2309
f 2260 	2308 	2309
f 2214 	2261 	2263
f 2261 	2309 	2263
f 2262 	2263 	2310
f 2263 	2311 	2310
f 2264 	2262 	2312
f 2262 	2310 	2312
f 2265 	2264 	2313
f 2264 	2312 	2313
f 2266 	2265 	2314
f 2265 	2313 	2314
f 2267 	2266 	2315
f 2266 	2314 	2315
f 2268 	2267 	2316
f 2267 	2315 	2316
f 2269 	2268 	2317
f 2268 	2316 	2317
f 2270 	2269 	2318
f 2269 	2317 	2318
f 2271 	2270 	2319
f 2270 	2318 	2319
f 2272 	2271 	2320
f 2271 	2319 	2320
f 2273 	2272 	2321
f 2272 	2320 	2321
f 2274 	2273 	2322
f 2273 	2321 	2322
f 2275 	2274 	2323
f 2274 	2322 	2323
f 2276 	2275 	2324
f 2275 	2323 	2324
f 2277 	2276 	2325
f 2276 	2324 	2325
f 2278 	2277 	2326
f 2277 	2325 	2326
f 2279 	2278 	2327
f 2278 	2326 	2327
f 2280 	2279 	2328
f 2279 	2327 	2328
f 2281 	2280 	2329
f 2280 	2328 	2329
f 2282 	2281 	2330
f 2281 	2329 	2330
f 2283 	2282 	2331
f 2282 	2330 	2331
f 2284 	2283 	2332
f 2283 	2331 	2332
f 2285 	2284 	2333
f 2284 	2332 	2333
f 2286 	2285 	2334
f 2285 	2333 	2334
f 2287 	2286 	2335
f 2286 	2334 	2335
f 2288 	2287 	2336
f 2287 	2335 	2336
f 2289 	2288 	2337
f 2288 	2336 	2337
f 2290 	2289 	2338
f 2289 	2337 	2338
f 2291 	2290 	2339
f 2290 	2338 	2339
f 2292 	2291 	2340
f 2291 	2339 	2340
f 2293 	2292 	2341
f 2292 	2340 	2341
f 2294 	2293 	2342
f 2293 	2341 	2342
f 2295 	2294 	2343
f 2294 	2342 	2343
f 2296 	2295 	2344
f 2295 	2343 	2344
f 2297 	2296 	2345
f 2296 	2344 	2345
f 2298 	2297 	2346
f 2297 	2345 	2346
f 2299 	2298 	2347
f 2298 	2346 	2347
f 2300 	2299 	2348
f 2299 	2347 	2348
f 2301 	2300 	2349
f 2300 	2348 	2349
f 2302 	2301 	2350
f 2301 	2349 	2350
f 2303 	2302 	2351
f 2302 	2350 	2351
f 2304 	2303 	2352
f 2303 	2351 	2352
f 2305 	2304 	2353
f 2304 	2352 	2353
f 2306 	2305 	2354
f 2305 	2353 	2354
f 2307 	2306 	2355
f 2306 	2354 	2355
f 2308 	2307 	2356
f 2307 	2355 	2356
f 2309 	2308 	2357
f 2308 	2356 	2357
f 2263 	2309 	2311
f 2309 	2357 	2311
f 2310 	2311 	2358
f 2311 	2359 	2358
f 2312 	2310 	2360
f 2310 	2358 	2360
f 2313 	2312 	2361
f 2312 	2360 	2361
f 2314 	2313 	2362
f 2313 	2361 	2362
f 2315 	2314 	2363
f 2314 	2362 	2363
f 2316 	2315 	2364
f 2315 	2363 	2364
f 2317 	2316 	2365
f 2316 	2364 	2365
f 2318 	2317 	2366
f 2317 	2365 	2366
f 2319 	2318 	2367
f 2318 	2366 	2367
f 2320 	2319 	2368
f 2319 	2367 	2368
f 2321 	2320 	2369
f 2320 	2368 	2369
f 2322 	2321 	2370
f 2321 	2369 	2370
f 2323 	2322 	2371
f 2322 	2370 	2371
f 2324 	2323 	2372
f 2323 	2371 	2372
f 2325 	2324 	2373
f 2324 	2372 	2373
f 2326 	2325 	2374
f 2325 	2373 	2374
f 2327 	2326 	2375
f 2326 	2374 	2375
f 2328 	2327 	2376
f 2327 	2375 	2376
f 2329 	2328 	2377
f 2328 	2376 	2377
f 2330 	2329 	2378
f 2329 	2377 	2378
f 2331 	2330 	2379
f 2330 	2378 	2379
f 2332 	2331 	2380
f 2331 	2379 	2380
f 2333 	2332 	2381
f 2332 	2380 	2381
f 2334 	2333 	2382
f 2333 	2381 	2382
f 2335 	2334 	2383
f 2334 	2382 	2383
f 2336 	2335 	2384
f 2335 	2383 	2384
f 2337 	2336 	2385
f 2336 	2384 	2385
f 2338 	2337 	2386
f 2337 	2385 	2386
f 2339 	2338 	2387
f 2338 	2386 	2387
f 2340 	2339 	2388
f 2339 	2387 	2388
f 2341 	2340 	2389
f 2340 	2388 	2389
f 2342 	2341 	2390
f 2341 	2389 	2390
f 2343 	2342 	2391
f 2342 	2390 	2391
f 2344 	2343 	2392
f 2343 	2391 	2392
f 2345 	2344 	2393
f 2344 	2392 	2393
f 2346 	2345 	2394
f 2345 	2393 	2394
f 2347 	2346 	2395
f 2346 	2394 	2395
f 2348 	2347 	2396
f 2347 	2395 	2396
f 2349 	2348 	2397
f 2348 	2396 	2397
f 2350 	2349 	2398
f 2349 	2397 	2398
f 2351 	2350 	2399
f 2350 	2398 	2399
f 2352 	2351 	2400
f 2351 	2399 	2400
f 2353 	2352 	2401
f 2352 	2400 	2401
f 2354 	2353 	2402
f 2353 	2401 	2402
f 2355 	2354 	2403
f 2354 	2402 	2403
f 2356 	2355 	2404
f 2355 	2403 	2404
f 2357 	2356 	2405
f 2356 	2404 	2405
f 2311 	2357 	2359
f 2357 	2405 	2359
f 2358 	2359 	2406
f 2359 	2407 	2406
f 2360 	2358 	2408
f 2358 	2406 	2408
f 2361 	2360 	2409
f 2360 	2408 	2409
f 2362 	2361 	2410
f 2361 	2409 	2410
f 2363 	2362 	2411
f 2362 	2410 	2411
f 2364 	2363 	2412
f 2363 	2411 	2412
f 2365 	2364 	2413
f 2364 	2412 	2413
f 2366 	2365 	2414
f 2365 	2413 	2414
f 2367 	2366 	2415
f 2366 	2414 	2415
f 2368 	2367 	2416
f 2367 	2415 	2416
f 2369 	2368 	2417
f 2368 	2416 	2417
f 2370 	2369 	2418
f 2369 	2417 	2418
f 2371 	2370 	2419
f 2370 	2418 	2419
f 2372 	2371 	2420
f 2371 	2419 	2420
f 2373 	2372 	2421
f 2372 	2420 	2421
f 2374 	2373 	2422
f 2373 	2421 	2422
f 2375 	2374 	2423
f 2374 	2422 	2423
f 2376 	2375 	2424
f 2375 	2423 	2424
f 2377 	2376 	2425
f 2376 	2424 	2425
f 2378 	2377 	2426
f 2377 	2425 	2426
f 2379 	2378 	2427
f 2378 	2426 	2427
f 2380 	2379 	2428
f 2379 	2427 	2428
f 2381 	2380 	2429
f 2380 	2428 	2429
f 2382 	2381 	2430
f 2381 	2429 	2430
f 2383 	2382 	2431
f 2382 	2430 	2431
f 2384 	2383 	2432
f 2383 	2431 	2432
f 2385 	2384 	2433
f 2384 	2432 	2433
f 2386 	2385 	2434
f 2385 	2433 	2434
f 2387 	2386 	2435
f 2386 	2434 	2435
f 2388 	2387 	2436
f 2387 	2435 	2436
f 2389 	2388 	2437
f 2388 	2436 	2437
f 2390 	2389 	2438
f 2389 	2437 	2438
f 2391 	2390 	2439
f 2390 	2438 	2439
f 2392 	2391 	2440
f 2391 	2439 	2440
f 2393 	2392 	2441
f 2392 	2440 	2441
f 2394 	2393 	2442
f 2393 	2441 	2442
f 2395 	2394 	2443
f 2394 	2442 	2443
f 2396 	2395 	2444
f 2395 	2443 	2444
f 2397 	2396 	2445
f 2396 	2444 	2445
f 2398 	2397 	2446
f 2397 	2445 	2446
f 2399 	2398 	2447
f 2398 	2446 	2447
f 2400 	2399 	2448
f 2399 	2447 	2448
f 2401 	2400 	2449
f 2400 	2448 	2449
f 2402 	2401 	2450
f 2401 	2449 	2450
f 2403 	2402 	2451
f 2402 	2450 	2451
f 2404 	2403 	2452
f 2403 	2451 	2452
f 2405 	2404 	2453
f 2404 	2452 	2453
f 2359 	2405 	2407
f 2405 	2453 	2407
f 2406 	2407 	2454
f 2407 	2455 	2454
f 2408 	2406 	2456
f 2406 	2454 	2456
f 2409 	2408 	2457
f 2408 	2456 	2457
f 2410 	2409 	2458
f 2409 	2457 	2458
f 2411 	2410 	2459
f 2410 	2458 	2459
f 2412 	2411 	2460
f 2411 	2459 	2460
f 2413 	2412 	2461
f 2412 	2460 	2461
f 2414 	2413 	2462
f 2413 	2461 	2462
f 2415 	2414 	2463
f 2414 	2462 	2463
f 2416 	2415 	2464
f 2415 	2463 	2464
f 2417 	2416 	2465
f 2416 	2464 	2465
f 2418 	2417 	2466
f 2417 	2465 	2466
f 2419 	2418 	2467
f 2418 	2466 	2467
f 2420 	2419 	2468
f 2419 	2467 	2468
f 2421 	2420 	2469
f 2420 	2468 	2469
f 2422 	2421 	2470
f 2421 	2469 	2470
f 2423 	2422 	2471
f 2422 	2470 	2471
f 2424 	2423 	2472
f 2423 	2471 	2472
f 2425 	2424 	2473
f 2424 	2472 	2473
f 2426 	2425 	2474
f 2425 	2473 	2474
f 2427 	2426 	2475
f 2426 	2474 	2475
f 2428 	2427 	2476
f 2427 	2475 	2476
f 2429 	2428 	2477
f 2428 	2476 	2477
f 2430 	2429 	2478
f 2429 	2477 	2478
f 2431 	2430 	2479
f 2430 	2478 	2479
f 2432 	2431 	2480
f 2431 	2479 	2480
f 2433 	2432 	2481
f 2432 	2480 	2481
f 2434 	2433 	2482
f 2433 	2481 	2482
f 2435 	2434 	2483
f 2434 	2482 	2483
f 2436 	2435 	2484
f 2435 	2483 	2484
f 2437 	2436 	2485
f 2436 	2484 	2485
f 2438 	2437 	2486
f 2437 	2485 	2486
f 2439 	2438 	2487
f 2438 	2486 	2487
f 2440 	2439 	2488
f 2439 	2487 	2488
f 2441 	2440 	2489
f 2440 	2488 	2489
f 2442 	2441 	2490
f 2441 	2489 	2490
f 2443 	2442 	2491
f 2442 	2490 	2491
f 2444 	2443 	2492
f 2443 	2491 	2492
f 2445 	2444 	2493
f 2444 	2492 	2493
f 2446 	2445 	2494
f 2445 	2493 	2494
f 2447 	2446 	2495
f 2446 	2494 	2495
f 2448 	2447 	2496
f 2447 	2495 	2496
f 2449 	2448 	2497
f 2448 	2496 	2497
f 2450 	2449 	2498
f 2449 	2497 	2498
f 2451 	2450 	2499
f 2450 	2498 	2499
f 2452 	2451 	2500
f 2451 	2499 	2500
f 2453 	2452 	2501
f 2452 	2500 	2501
f 2407 	2453 	2455
f 2453 	2501 	2455
f 2454 	2455 	2502
f 2455 	2503 	2502
f 2456 	2454 	2504
f 2454 	2502 	2504
f 2457 	2456 	2505
f 2456 	2504 	2505
f 2458 	2457 	2506
f 2457 	2505 	2506
f 2459 	2458 	2507
f 2458 	2506 	2507
f 2460 	2459 	2508
f 2459 	2507 	2508
f 2461 	2460 	2509
f 2460 	2508 	2509
f 2462 	2461 	2510
f 2461 	2509 	2510
f 2463 	2462 	2511
f 2462 	2510 	2511
f 2464 	2463 	2512
f 2463 	2511 	2512
f 2465 	2464 	2513
f 2464 	2512 	2513
f 2466 	2465 	2514
f 2465 	2513 	2514
f 2467 	2466 	2515
f 2466 	2514 	2515
f 2468 	2467 	2516
f 2467 	2515 	2516
f 2469 	2468 	2517
f 2468 	2516 	2517
f 2470 	2469 	2518
f 2469 	2517 	2518
f 2471 	2470 	2519
f 2470 	2518 	2519
f 2472 	2471 	2520
f 2471 	2519 	2520
f 2473 	2472 	2521
f 2472 	2520 	2521
f 2474 	2473 	2522
f 2473 	2521 	2522
f 2475 	2474 	2523
f 2474 	2522 	2523
f 2476 	2475 	2524
f 2475 	2523 	2524
f 2477 	2476 	2525
f 2476 	2524 	2525
f 2478 	2477 	2526
f 2477 	2525 	2526
f 2479 	2478 	2527
f 2478 	2526 	2527
f 2480 	2479 	2528
f 2479 	2527 	2528
f 2481 	2480 	2529
f 2480 	2528 	2529
f 2482 	2481 	2530
f 2481 	2529 	2530
f 2483 	2482 	2531
f 2482 	2530 	2531
f 2484 	2483 	2532
f 2483 	2531 	2532
f 2485 	2484 	2533
f 2484 	2532 	2533
f 2486 	2485 	2534
f 2485 	2533 	2534
f 2487 	2486 	2535
f 2486 	2534 	2535
f 2488 	2487 	2536
f 2487 	2535 	2536
f 2489 	2488 	2537
f 2488 	2536 	2537
f 2490 	2489 	2538
f 2489 	2537 	2538
f 2491 	2490 	2539
f 2490 	2538 	2539
f 2492 	2491 	2540
f 2491 	2539 	2540
f 2493 	2492 	2541
f 2492 	2540 	2541
f 2494 	2493 	2542
f 2493 	2541 	2542
f 2495 	2494 	2543
f 2494 	2542 	2543
f 2496 	2495 	2544
f 2495 	2543 	2544
f 2497 	2496 	2545
f 2496 	2544 	2545
f 2498 	2497 	2546
f 2497 	2545 	2546
f 2499 	2498 	2547
f 2498 	2546 	2547
f 2500 	2499 	2548
f 2499 	2547 	2548
f 2501 	2500 	2549
f 2500 	2548 	2549
f 2455 	2501 	2503
f 2501 	2549 	2503
f 2502 	2503 	2550
f 2503 	2551 	2550
f 2504 	2502 	2552
f 2502 	2550 	2552
f 2505 	2504 	2553
f 2504 	2552 	2553
f 2506 	2505 	2554
f 2505 	2553 	2554
f 2507 	2506 	2555
f 2506 	2554 	2555
f 2508 	2507 	2556
f 2507 	2555 	2556
f 2509 	2508 	2557
f 2508 	2556 	2557
f 2510 	2509 	2558
f 2509 	2557 	2558
f 2511 	2510 	2559
f 2510 	2558 	2559
f 2512 	2511 	2560
f 2511 	2559 	2560
f 2513 	2512 	2561
f 2512 	2560 	2561
f 2514 	2513 	2562
f 2513 	2561 	2562
f 2515 	2514 	2563
f 2514 	2562 	2563
f 2516 	2515 	2564
f 2515 	2563 	2564
f 2517 	2516 	2565
f 2516 	2564 	2565
f 2518 	2517 	2566
f 2517 	2565 	2566
f 2519 	2518 	2567
f 2518 	2566 	2567
f 2520 	2519 	2568
f 2519 	2567 	2568
f 2521 	2520 	2569
f 2520 	2568 	2569
f 2522 	2521 	2570
f 2521 	2569 	2570
f 2523 	2522 	2571
f 2522 	2570 	2571
f 2524 	2523 	2572
f 2523 	2571 	2572
f 2525 	2524 	2573
f 2524 	2572 	2573
f 2526 	2525 	2574
f 2525 	2573 	2574
f 2527 	2526 	2575
f 2526 	2574 	2575
f 2528 	2527 	2576
f 2527 	2575 	2576
f 2529 	2528 	2577
f 2528 	2576 	2577
f 2530 	2529 	2578
f 2529 	2577 	2578
f 2531 	2530 	2579
f 2530 	2578 	2579
f 2532 	2531 	2580
f 2531 	2579 	2580
f 2533 	2532 	2581
f 2532 	2580 	2581
f 2534 	2533 	2582
f 2533 	2581 	2582
f 2535 	2534 	2583
f 2534 	2582 	2583
f 2536 	2535 	2584
f 2535 	2583 	2584
f 2537 	2536 	2585
f 2536 	2584 	2585
f 2538 	2537 	2586
f 2537 	2585 	2586
f 2539 	2538 	2587
f 2538 	2586 	2587
f 2540 	2539 	2588
f 2539 	2587 	2588
f 2541 	2540 	2589
f 2540 	2588 	2589
f 2542 	2541 	2590
f 2541 	2589 	2590
f 2543 	2542 	2591
f 2542 	2590 	2591
f 2544 	2543 	2592
f 2543 	2591 	2592
f 2545 	2544 	2593
f 2544 	2592 	2593
f 2546 	2545 	2594
f 2545 	2593 	2594
f 2547 	2546 	2595
f 2546 	2594 	2595
f 2548 	2547 	2596
f 2547 	2595 	2596
f 2549 	2548 	2597
f 2548 	2596 	2597
f 2503 	2549 	2551
f 2549 	2597 	2551
f 2550 	2551 	2598
f 2551 	2599 	2598
f 2552 	2550 	2600
f 2550 	2598 	2600
f 2553 	2552 	2601
f 2552 	2600 	2601
f 2554 	2553 	2602
f 2553 	2601 	2602
f 2555 	2554 	2603
f 2554 	2602 	2603
f 2556 	2555 	2604
f 2555 	2603 	2604
f 2557 	2556 	2605
f 2556 	2604 	2605
f 2558 	2557 	2606
f 2557 	2605 	2606
f 2559 	2558 	2607
f 2558 	2606 	2607
f 2560 	2559 	2608
f 2559 	2607 	2608
f 2561 	2560 	2609
f 2560 	2608 	2609
f 2562 	2561 	2610
f 2561 	2609 	2610
f 2563 	2562 	2611
f 2562 	2610 	2611
f 2564 	2563 	2612
f 2563 	2611 	2612
f 2565 	2564 	2613
f 2564 	2612 	2613
f 2566 	2565 	2614
f 2565 	2613 	2614
f 2567 	2566 	2615
f 2566 	2614 	2615
f 2568 	2567 	2616
f 2567 	2615 	2616
f 2569 	2568 	2617
f 2568 	2616 	2617
f 2570 	2569 	2618
f 2569 	2617 	2618
f 2571 	2570 	2619
f 2570 	2618 	2619
f 2572 	2571 	2620
f 2571 	2619 	2620
f 2573 	2572 	2621
f 2572 	2620 	2621
f 2574 	2573 	2622
f 2573 	2621 	2622
f 2575 	2574 	2623
f 2574 	2622 	2623
f 2576 	2575 	2624
f 2575 	2623 	2624
f 2577 	2576 	2625
f 2576 	2624 	2625
f 2578 	2577 	2626
f 2577 	2625 	2626
f 2579 	2578 	2627
f 2578 	2626 	2627
f 2580 	2579 	2628
f 2579 	2627 	2628
f 2581 	2580 	2629
f 2580 	2628 	2629
f 2582 	2581 	2630
f 2581 	2629 	2630
f 2583 	2582 	2631
f 2582 	2630 	2631
f 2584 	2583 	2632
f 2583 	2631 	2632
f 2585 	2584 	2633
f 2584 	2632 	2633
f 2586 	2585 	2634
f 2585 	2633 	2634
f 2587 	2586 	2635
f 2586 	2634 	2635
f 2588 	2587 	2636
f 2587 	2635 	2636
f 2589 	2588 	2637
f 2588 	2636 	2637
f 2590 	2589 	2638
f 2589 	2637 	2638
f 2591 	2590 	2639
f 2590 	2638 	2639
f 2592 	2591 	2640
f 2591 	2639 	2640
f 2593 	2592 	2641
f 2592 	2640 	2641
f 2594 	2593 	2642
f 2593 	2641 	2642
f 2595 	2594 	2643
f 2594 	2642 	2643
f 2596 	2595 	2644
f 2595 	2643 	2644
f 2597 	2596 	2645
f 2596 	2644 	2645
f 2551 	2597 	2599
f 2597 	2645 	2599
f 2598 	2599 	2646
f 2599 	2647 	2646
f 2600 	2598 	2648
f 2598 	2646 	2648
f 2601 	2600 	2649
f 2600 	2648 	2649
f 2602 	2601 	2650
f 2601 	2649 	2650
f 2603 	2602 	2651
f 2602 	2650 	2651
f 2604 	2603 	2652
f 2603 	2651 	2652
f 2605 	2604 	2653
f 2604 	2652 	2653
f 2606 	2605 	2654
f 2605 	2653 	2654
f 2607 	2606 	2655
f 2606 	2654 	2655
f 2608 	2607 	2656
f 2607 	2655 	2656
f 2609 	2608 	2657
f 2608 	2656 	2657
f 2610 	2609 	2658
f 2609 	2657 	2658
f 2611 	2610 	2659
f 2610 	2658 	2659
f 2612 	2611 	2660
f 2611 	2659 	2660
f 2613 	2612 	2661
f 2612 	2660 	2661
f 2614 	2613 	2662
f 2613 	2661 	2662
f 2615 	2614 	2663
f 2614 	2662 	2663
f 2616 	2615 	2664
f 2615 	2663 	2664
f 2617 	2616 	2665
f 2616 	2664 	2665
f 2618 	2617 	2666
f 2617 	2665 	2666
f 2619 	2618 	2667
f 2618 	2666 	2667
f 2620 	2619 	2668
f 2619 	2667 	2668
f 2621 	2620 	2669
f 2620 	2668 	2669
f 2622 	2621 	2670
f 2621 	2669 	2670
f 2623 	2622 	2671
f 2622 	2670 	2671
f 2624 	2623 	2672
f 2623 	2671 	2672
f 2625 	2624 	2673
f 2624 	2672 	2673
f 2626 	2625 	2674
f 2625 	2673 	2674
f 2627 	2626 	2675
f 2626 	2674 	2675
f 2628 	2627 	2676
f 2627 	2675 	2676
f 2629 	2628 	2677
f 2628 	2676 	2677
f 2630 	2629 	2678
f 2629 	2677 	2678
f 2631 	2630 	2679
f 2630 	2678 	2679
f 2632 	2631 	2680
f 2631 	2679 	2680
f 2633 	2632 	2681
f 2632 	2680 	2681
f 2634 	2633 	2682
f 2633 	2681 	2682
f 2635 	2634 	2683
f 2634 	2682 	2683
f 2636 	2635 	2684
f 2635 	2683 	2684
f 2637 	2636 	2685
f 2636 	2684 	2685
f 2638 	2637 	2686
f 2637 	2685 	2686
f 2639 	2638 	2687
f 2638 	2686 	2687
f 2640 	2639 	2688
f 2639 	2687 	2688
f 2641 	2640 	2689
f 2640 	2688 	2689
f 2642 	2641 	2690
f 2641 	2689 	2690
f 2643 	2642 	2691
f 2642 	2690 	2691
f 2644 	2643 	2692
f 2643 	2691 	2692
f 2645 	2644 	2693
f 2644 	2692 	2693
f 2599 	2645 	2647
f 2645 	2693 	2647
f 2646 	2647 	2694
f 2647 	2695 	2694
f 2648 	2646 	2696
f 2646 	2694 	2696
f 2649 	2648 	2697
f 2648 	2696 	2697
f 2650 	2649 	2698
f 2649 	2697 	2698
f 2651 	2650 	2699
f 2650 	2698 	2699
f 2652 	2651 	2700
f 2651 	2699 	2700
f 2653 	2652 	2701
f 2652 	2700 	2701
f 2654 	2653 	2702
f 2653 	2701 	2702
f 2655 	2654 	2703
f 2654 	2702 	2703
f 2656 	2655 	2704
f 2655 	2703 	2704
f 2657 	2656 	2705
f 2656 	2704 	2705
f 2658 	2657 	2706
f 2657 	2705 	2706
f 2659 	2658 	2707
f 2658 	2706 	2707
f 2660 	2659 	2708
f 2659 	2707 	2708
f 2661 	2660 	2709
f 2660 	2708 	2709
f 2662 	2661 	2710
f 2661 	2709 	2710
f 2663 	2662 	2711
f 2662 	2710 	2711
f 2664 	2663 	2712
f 2663 	2711 	2712
f 2665 	2664 	2713
f 2664 	2712 	2713
f 2666 	2665 	2714
f 2665 	2713 	2714
f 2667 	2666 	2715
f 2666 	2714 	2715
f 2668 	2667 	2716
f 2667 	2715 	2716
f 2669 	2668 	2717
f 2668 	2716 	2717
f 2670 	2669 	2718
f 2669 	2717 	2718
f 2671 	2670 	2719
f 2670 	2718 	2719
f 2672 	2671 	2720
f 2671 	2719 	2720
f 2673 	2672 	2721
f 2672 	2720 	2721
f 2674 	2673 	2722
f 2673 	2721 	2722
f 2675 	2674 	2723
f 2674 	2722 	2723
f 2676 	2675 	2724
f 2675 	2723 	2724
f 2677 	2676 	2725
f 2676 	2724 	2725
f 2678 	2677 	2726
f 2677 	2725 	2726
f 2679 	2678 	2727
f 2678 	2726 	2727
f 2680 	2679 	2728
f 2679 	2727 	2728
f 2681 	2680 	2729
f 2680 	2728 	2729
f 2682 	2681 	2730
f 2681 	2729 	2730
f 2683 	2682 	2731
f 2682 	2730 	2731
f 2684 	2683 	2732
f 2683 	2731 	2732
f 2685 	2684 	2733
f 2684 	2732 	2733
f 2686 	2685 	2734
f 2685 	2733 	2734
f 2687 	2686 	2735
f 2686 	2734 	2735
f 2688 	2687 	2736
f 2687 	2735 	2736
f 2689 	2688 	2737
f 2688 	2736 	2737
f 2690 	2689 	2738
f 2689 	2737 	2738
f 2691 	2690 	2739
f 2690 	2738 	2739
f 2692 	2691 	2740
f 2691 	2739 	2740
f 2693 	2692 	2741
f 2692 	2740 	2741
f 2647 	2693 	2695
f 2693 	2741 	2695
f 2694 	2695 	2742
f 2695 	2743 	2742
f 2696 	2694 	2744
f 2694 	2742 	2744
f 2697 	2696 	2745
f 2696 	2744 	2745
f 2698 	2697 	2746
f 2697 	2745 	2746
f 2699 	2698 	2747
f 2698 	2746 	2747
f 2700 	2699 	2748
f 2699 	2747 	2748
f 2701 	2700 	2749
f 2700 	2748 	2749
f 2702 	2701 	2750
f 2701 	2749 	2750
f 2703 	2702 	2751
f 2702 	2750 	2751
f 2704 	2703 	2752
f 2703 	2751 	2752
f 2705 	2704 	2753
f 2704 	2752 	2753
f 2706 	2705 	2754
f 2705 	2753 	2754
f 2707 	2706 	2755
f 2706 	2754 	2755
f 2708 	2707 	2756
f 2707 	2755 	2756
f 2709 	2708 	2757
f 2708 	2756 	2757
f 2710 	2709 	2758
f 2709 	2757 	2758
f 2711 	2710 	2759
f 2710 	2758 	2759
f 2712 	2711 	2760
f 2711 	2759 	2760
f 2713 	2712 	2761
f 2712 	2760 	2761
f 2714 	2713 	2762
f 2713 	2761 	2762
f 2715 	2714 	2763
f 2714 	2762 	2763
f 2716 	2715 	2764
f 2715 	2763 	2764
f 2717 	2716 	2765
f 2716 	2764 	2765
f 2718 	2717 	2766
f 2717 	2765 	2766
f 2719 	2718 	2767
f 2718 	2766 	2767
f 2720 	2719 	2768
f 2719 	2767 	2768
f 2721 	2720 	2769
f 2720 	2768 	2769
f 2722 	2721 	2770
f 2721 	2769 	2770
f 2723 	2722 	2771
f 2722 	2770 	2771
f 2724 	2723 	2772
f 2723 	2771 	2772
f 2725 	2724 	2773
f 2724 	2772 	2773
f 2726 	2725 	2774
f 2725 	2773 	2774
f 2727 	2726 	2775
f 2726 	2774 	2775
f 2728 	2727 	2776
f 2727 	2775 	2776
f 2729 	2728 	2777
f 2728 	2776 	2777
f 2730 	2729 	2778
f 2729 	2777 	2778
f 2731 	2730 	2779
f 2730 	2778 	2779
f 2732 	2731 	2780
f 2731 	2779 	2780
f 2733 	2732 	2781
f 2732 	2780 	2781
f 2734 	2733 	2782
f 2733 	2781 	2782
f 2735 	2734 	2783
f 2734 	2782 	2783
f 2736 	2735 	2784
f 2735 	2783 	2784
f 2737 	2736 	2785
f 2736 	2784 	2785
f 2738 	2737 	2786
f 2737 	2785 	2786
f 2739 	2738 	2787
f 2738 	2786 	2787
f 2740 	2739 	2788
f 2739 	2787 	2788
f 2741 	2740 	2789
f 2740 	2788 	2789
f 2695 	2741 	2743
f 2741 	2789 	2743
f 2742 	2743 	2790
f 2743 	2791 	2790
f 2744 	2742 	2792
f 2742 	2790 	2792
f 2745 	2744 	2793
f 2744 	2792 	2793
f 2746 	2745 	2794
f 2745 	2793 	2794
f 2747 	2746 	2795
f 2746 	2794 	2795
f 2748 	2747 	2796
f 2747 	2795 	2796
f 2749 	2748 	2797
f 2748 	2796 	2797
f 2750 	2749 	2798
f 2749 	2797 	2798
f 2751 	2750 	2799
f 2750 	2798 	2799
f 2752 	2751 	2800
f 2751 	2799 	2800
f 2753 	2752 	2801
f 2752 	2800 	2801
f 2754 	2753 	2802
f 2753 	2801 	2802
f 2755 	2754 	2803
f 2754 	2802 	2803
f 2756 	2755 	2804
f 2755 	2803 	2804
f 2757 	2756 	2805
f 2756 	2804 	2805
f 2758 	2757 	2806
f 2757 	2805 	2806
f 2759 	2758 	2807
f 2758 	2806 	2807
f 2760 	2759 	2808
f 2759 	2807 	2808
f 2761 	2760 	2809
f 2760 	2808 	2809
f 2762 	2761 	2810
f 2761 	2809 	2810
f 2763 	2762 	2811
f 2762 	2810 	2811
f 2764 	2763 	2812
f 2763 	2811 	2812
f 2765 	2764 	2813
f 2764 	2812 	2813
f 2766 	2765 	2814
f 2765 	2813 	2814
f 2767 	2766 	2815
f 2766 	2814 	2815
f 2768 	2767 	2816
f 2767 	2815 	2816
f 2769 	2768 	2817
f 2768 	2816 	2817
f 2770 	2769 	2818
f 2769 	2817 	2818
f 2771 	2770 	2819
f 2770 	2818 	2819
f 2772 	2771 	2820
f 2771 	2819 	2820
f 2773 	2772 	2821
f 2772 	2820 	2821
f 2774 	2773 	2822
f 2773 	2821 	2822
f 2775 	2774 	2823
f 2774 	2822 	2823
f 2776 	2775 	2824
f 2775 	2823 	2824
f 2777 	2776 	2825
f 2776 	2824 	2825
f 2778 	2777 	2826
f 2777 	2825 	2826
f 2779 	2778 	2827
f 2778 	2826 	2827
f 2780 	2779 	2828
f 2779 	2827 	2828
f 2781 	2780 	2829
f 2780 	2828 	2829
f 2782 	2781 	2830
f 2781 	2829 	2830
f 2783 	2782 	2831
f 2782 	2830 	2831
f 2784 	2783 	2832
f 2783 	2831 	2832
f 2785 	2784 	2833
f 2784 	2832 	2833
f 2786 	2785 	2834
f 2785 	2833 	2834
f 2787 	2786 	2835
f 2786 	2834 	2835
f 2788 	2787 	2836
f 2787 	2835 	2836
f 2789 	2788 	2837
f 2788 	2836 	2837
f 2743 	2789 	2791
f 2789 	2837 	2791
f 2790 	2791 	2838
f 2791 	2839 	2838
f 2792 	2790 	2840
f 2790 	2838 	2840
f 2793 	2792 	2841
f 2792 	2840 	2841
f 2794 	2793 	2842
f 2793 	2841 	2842
f 2795 	2794 	2843
f 2794 	2842 	2843
f 2796 	2795 	2844
f 2795 	2843 	2844
f 2797 	2796 	2845
f 2796 	2844 	2845
f 2798 	2797 	2846
f 2797 	2845 	2846
f 2799 	2798 	2847
f 2798 	2846 	2847
f 2800 	2799 	2848
f 2799 	2847 	2848
f 2801 	2800 	2849
f 2800 	2848 	2849
f 2802 	2801 	2850
f 2801 	2849 	2850
f 2803 	2802 	2851
f 2802 	2850 	2851
f 2804 	2803 	2852
f 2803 	2851 	2852
f 2805 	2804 	2853
f 2804 	2852 	2853
f 2806 	2805 	2854
f 2805 	2853 	2854
f 2807 	2806 	2855
f 2806 	2854 	2855
f 2808 	2807 	2856
f 2807 	2855 	2856
f 2809 	2808 	2857
f 2808 	2856 	2857
f 2810 	2809 	2858
f 2809 	2857 	2858
f 2811 	2810 	2859
f 2810 	2858 	2859
f 2812 	2811 	2860
f 2811 	2859 	2860
f 2813 	2812 	2861
f 2812 	2860 	2861
f 2814 	2813 	2862
f 2813 	2861 	2862
f 2815 	2814 	2863
f 2814 	2862 	2863
f 2816 	2815 	2864
f 2815 	2863 	2864
f 2817 	2816 	2865
f 2816 	2864 	2865
f 2818 	2817 	2866
f 2817 	2865 	2866
f 2819 	2818 	2867
f 2818 	2866 	2867
f 2820 	2819 	2868
f 2819 	2867 	2868
f 2821 	2820 	2869
f 2820 	2868 	2869
f 2822 	2821 	2870
f 2821 	2869 	2870
f 2823 	2822 	2871
f 2822 	2870 	2871
f 2824 	2823 	2872
f 2823 	2871 	2872
f 2825 	2824 	2873
f 2824 	2872 	2873
f 2826 	2825 	2874
f 2825 	2873 	2874
f 2827 	2826 	2875
f 2826 	2874 	2875
f 2828 	2827 	2876
f 2827 	2875 	2876
f 2829 	2828 	2877
f 2828 	2876 	2877
f 2830 	2829 	2878
f 2829 	2877 	2878
f 2831 	2830 	2879
f 2830 	2878 	2879
f 2832 	2831 	2880
f 2831 	2879 	2880
f 2833 	2832 	2881
f 2832 	2880 	2881
f 2834 	2833 	2882
f 2833 	2881 	2882
f 2835 	2834 	2883
f 2834 	2882 	2883
f 2836 	2835 	2884
f 2835 	2883 	2884
f 2837 	2836 	2885
f 2836 	2884 	2885
f 2791 	2837 	2839
f 2837 	2885 	2839
f 2838 	2839 	2886
f 2839 	2887 	2886
f 2840 	2838 	2888
f 2838 	2886 	2888
f 2841 	2840 	2889
f 2840 	2888 	2889
f 2842 	2841 	2890
f 2841 	2889 	2890
f 2843 	2842 	2891
f 2842 	2890 	2891
f 2844 	2843 	2892
f 2843 	2891 	2892
f 2845 	2844 	2893
f 2844 	2892 	2893
f 2846 	2845 	2894
f 2845 	2893 	2894
f 2847 	2846 	2895
f 2846 	2894 	2895
f 2848 	2847 	2896
f 2847 	2895 	2896
f 2849 	2848 	2897
f 2848 	2896 	2897
f 2850 	2849 	2898
f 2849 	2897 	2898
f 2851 	2850 	2899
f 2850 	2898 	2899
f 2852 	2851 	2900
f 2851 	2899 	2900
f 2853 	2852 	2901
f 2852 	2900 	2901
f 2854 	2853 	2902
f 2853 	2901 	2902
f 2855 	2854 	2903
f 2854 	2902 	2903
f 2856 	2855 	2904
f 2855 	2903 	2904
f 2857 	2856 	2905
f 2856 	2904 	2905
f 2858 	2857 	2906
f 2857 	2905 	2906
f 2859 	2858 	2907
f 2858 	2906 	2907
f 2860 	2859 	2908
f 2859 	2907 	2908
f 2861 	2860 	2909
f 2860 	2908 	2909
f 2862 	2861 	2910
f 2861 	2909 	2910
f 2863 	2862 	2911
f 2862 	2910 	2911
f 2864 	2863 	2912
f 2863 	2911 	2912
f 2865 	2864 	2913
f 2864 	2912 	2913
f 2866 	2865 	2914
f 2865 	2913 	2914
f 2867 	2866 	2915
f 2866 	2914 	2915
f 2868 	2867 	2916
f 2867 	2915 	2916
f 2869 	2868 	2917
f 2868 	2916 	2917
f 2870 	2869 	2918
f 2869 	2917 	2918
f 2871 	2870 	2919
f 2870 	2918 	2919
f 2872 	2871 	2920
f 2871 	2919 	2920
f 2873 	2872 	2921
f 2872 	2920 	2921
f 2874 	2873 	2922
f 2873 	2921 	2922
f 2875 	2874 	2923
f 2874 	2922 	2923
f 2876 	2875 	2924
f 2875 	2923 	2924
f 2877 	2876 	2925
f 2876 	2924 	2925
f 2878 	2877 	2926
f 2877 	2925 	2926
f 2879 	2878 	2927
f 2878 	2926 	2927
f 2880 	2879 	2928
f 2879 	2927 	2928
f 2881 	2880 	2929
f 2880 	2928 	2929
f 2882 	2881 	2930
f 2881 	2929 	2930
f 2883 	2882 	2931
f 2882 	2930 	2931
f 2884 	2883 	2932
f 2883 	2931 	2932
f 2885 	2884 	2933
f 2884 	2932 	2933
f 2839 	2885 	2887
f 2885 	2933 	2887
f 2886 	2887 	2934
f 2887 	2935 	2934
f 2888 	2886 	2936
f 2886 	2934 	2936
f 2889 	2888 	2937
f 2888 	2936 	2937
f 2890 	2889 	2938
f 2889 	2937 	2938
f 2891 	2890 	2939
f 2890 	2938 	2939
f 2892 	2891 	2940
f 2891 	2939 	2940
f 2893 	2892 	2941
f 2892 	2940 	2941
f 2894 	2893 	2942
f 2893 	2941 	2942
f 2895 	2894 	2943
f 2894 	2942 	2943
f 2896 	2895 	2944
f 2895 	2943 	2944
f 2897 	2896 	2945
f 2896 	2944 	2945
f 2898 	2897 	2946
f 2897 	2945 	2946
f 2899 	2898 	2947
f 2898 	2946 	2947
f 2900 	2899 	2948
f 2899 	2947 	2948
f 2901 	2900 	2949
f 2900 	2948 	2949
f 2902 	2901 	2950
f 2901 	2949 	2950
f 2903 	2902 	2951
f 2902 	2950 	2951
f 2904 	2903 	2952
f 2903 	2951 	2952
f 2905 	2904 	2953
f 2904 	2952 	2953
f 2906 	2905 	2954
f 2905 	2953 	2954
f 2907 	2906 	2955
f 2906 	2954 	2955
f 2908 	2907 	2956
f 2907 	2955 	2956
f 2909 	2908 	2957
f 2908 	2956 	2957
f 2910 	2909 	2958
f 2909 	2957 	2958
f 2911 	2910 	2959
f 2910 	2958 	2959
f 2912 	2911 	2960
f 2911 	2959 	2960
f 2913 	2912 	2961
f 2912 	2960 	2961
f 2914 	2913 	2962
f 2913 	2961 	2962
f 2915 	2914 	2963
f 2914 	2962 	2963
f 2916 	2915 	2964
f 2915 	2963 	2964
f 2917 	2916 	2965
f 2916 	2964 	2965
f 2918 	2917 	2966
f 2917 	2965 	2966
f 2919 	2918 	2967
f 2918 	2966 	2967
f 2920 	2919 	2968
f 2919 	2967 	2968
f 2921 	2920 	2969
f 2920 	2968 	2969
f 2922 	2921 	2970
f 2921 	2969 	2970
f 2923 	2922 	2971
f 2922 	2970 	2971
f 2924 	2923 	2972
f 2923 	2971 	2972
f 2925 	2924 	2973
f 2924 	2972 	2973
f 2926 	2925 	2974
f 2925 	2973 	2974
f 2927 	2926 	2975
f 2926 	2974 	2975
f 2928 	2927 	2976
f 2927 	2975 	2976
f 2929 	2928 	2977
f 2928 	2976 	2977
f 2930 	2929 	2978
f 2929 	2977 	2978
f 2931 	2930 	2979
f 2930 	2978 	2979
f 2932 	2931 	2980
f 2931 	2979 	2980
f 2933 	2932 	2981
f 2932 	2980 	2981
f 2887 	2933 	2935
f 2933 	2981 	2935
f 2934 	2935 	2982
f 2935 	2983 	2982
f 2936 	2934 	2984
f 2934 	2982 	2984
f 2937 	2936 	2985
f 2936 	2984 	2985
f 2938 	2937 	2986
f 2937 	2985 	2986
f 2939 	2938 	2987
f 2938 	2986 	2987
f 2940 	2939 	2988
f 2939 	2987 	2988
f 2941 	2940 	2989
f 2940 	2988 	2989
f 2942 	2941 	2990
f 2941 	2989 	2990
f 2943 	2942 	2991
f 2942 	2990 	2991
f 2944 	2943 	2992
f 2943 	2991 	2992
f 2945 	2944 	2993
f 2944 	2992 	2993
f 2946 	2945 	2994
f 2945 	2993 	2994
f 2947 	2946 	2995
f 2946 	2994 	2995
f 2948 	2947 	2996
f 2947 	2995 	2996
f 2949 	2948 	2997
f 2948 	2996 	2997
f 2950 	2949 	2998
f 2949 	2997 	2998
f 2951 	2950 	2999
f 2950 	2998 	2999
f 2952 	2951 	3000
f 2951 	2999 	3000
f 2953 	2952 	3001
f 2952 	3000 	3001
f 2954 	2953 	3002
f 2953 	3001 	3002
f 2955 	2954 	3003
f 2954 	3002 	3003
f 2956 	2955 	3004
f 2955 	3003 	3004
f 2957 	2956 	3005
f 2956 	3004 	3005
f 2958 	2957 	3006
f 2957 	3005 	3006
f 2959 	2958 	3007
f 2958 	3006 	3007
f 2960 	2959 	3008
f 2959 	3007 	3008
f 2961 	2960 	3009
f 2960 	3008 	3009
f 2962 	2961 	3010
f 2961 	3009 	3010
f 2963 	2962 	3011
f 2962 	3010 	3011
f 2964 	2963 	3012
f 2963 	3011 	3012
f 2965 	2964 	3013
f 2964 	3012 	3013
f 2966 	2965 	3014
f 2965 	3013 	3014
f 2967 	2966 	3015
f 2966 	3014 	3015
f 2968 	2967 	3016
f 2967 	3015 	3016
f 2969 	2968 	3017
f 2968 	3016 	3017
f 2970 	2969 	3018
f 2969 	3017 	3018
f 2971 	2970 	3019
f 2970 	3018 	3019
f 2972 	2971 	3020
f 2971 	3019 	3020
f 2973 	2972 	3021
f 2972 	3020 	3021
f 2974 	2973 	3022
f 2973 	3021 	3022
f 2975 	2974 	3023
f 2974 	3022 	3023
f 2976 	2975 	3024
f 2975 	3023 	3024
f 2977 	2976 	3025
f 2976 	3024 	3025
f 2978 	2977 	3026
f 2977 	3025 	3026
f 2979 	2978 	3027
f 2978 	3026 	3027
f 2980 	2979 	3028
f 2979 	3027 	3028
f 2981 	2980 	3029
f 2980 	3028 	3029
f 2935 	2981 	2983
f 2981 	3029 	2983
f 2982 	2983 	3030
f 2983 	3031 	3030
f 2984 	2982 	3032
f 2982 	3030 	3032
f 2985 	2984 	3033
f 2984 	3032 	3033
f 2986 	2985 	3034
f 2985 	3033 	3034
f 2987 	2986 	3035
f 2986 	3034 	3035
f 2988 	2987 	3036
f 2987 	3035 	3036
f 2989 	2988 	3037
f 2988 	3036 	3037
f 2990 	2989 	3038
f 2989 	3037 	3038
f 2991 	2990 	3039
f 2990 	3038 	3039
f 2992 	2991 	3040
f 2991 	3039 	3040
f 2993 	2992 	3041
f 2992 	3040 	3041
f 2994 	2993 	3042
f 2993 	3041 	3042
f 2995 	2994 	3043
f 2994 	3042 	3043
f 2996 	2995 	3044
f 2995 	3043 	3044
f 2997 	2996 	3045
f 2996 	3044 	3045
f 2998 	2997 	3046
f 2997 	3045 	3046
f 2999 	2998 	3047
f 2998 	3046 	3047
f 3000 	2999 	3048
f 2999 	3047 	3048
f 3001 	3000 	3049
f 3000 	3048 	3049
f 3002 	3001 	3050
f 3001 	3049 	3050
f 3003 	3002 	3051
f 3002 	3050 	3051
f 3004 	3003 	3052
f 3003 	3051 	3052
f 3005 	3004 	3053
f 3004 	3052 	3053
f 3006 	3005 	3054
f 3005 	3053 	3054
f 3007 	3006 	3055
f 3006 	3054 	3055
f 3008 	3007 	3056
f 3007 	3055 	3056
f 3009 	3008 	3057
f 3008 	3056 	3057
f 3010 	3009 	3058
f 3009 	3057 	3058
f 3011 	3010 	3059
f 3010 	3058 	3059
f 3012 	3011 	3060
f 3011 	3059 	3060
f 3013 	3012 	3061
f 3012 	3060 	3061
f 3014 	3013 	3062
f 3013 	3061 	3062
f 3015 	3014 	3063
f 3014 	3062 	3063
f 3016 	3015 	3064
f 3015 	3063 	3064
f 3017 	3016 	3065
f 3016 	3064 	3065
f 3018 	3017 	3066
f 3017 	3065 	3066
f 3019 	3018 	3067
f 3018 	3066 	3067
f 3020 	3019 	3068
f 3019 	3067 	3068
f 3021 	3020 	3069
f 3020 	3068 	3069
f 3022 	3021 	3070
f 3021 	3069 	3070
f 3023 	3022 	3071
f 3022 	3070 	3071
f 3024 	3023 	3072
f 3023 	3071 	3072
f 3025 	3024 	3073
f 3024 	3072 	3073
f 3026 	3025 	3074
f 3025 	3073 	3074
f 3027 	3026 	3075
f 3026 	3074 	3075
f 3028 	3027 	3076
f 3027 	3075 	3076
f 3029 	3028 	3077
f 3028 	3076 	3077
f 2983 	3029 	3031
f 3029 	3077 	3031
f 3030 	3031 	3078
f 3031 	3079 	3078
f 3032 	3030 	3080
f 3030 	3078 	3080
f 3033 	3032 	3081
f 3032 	3080 	3081
f 3034 	3033 	3082
f 3033 	3081 	3082
f 3035 	3034 	3083
f 3034 	3082 	3083
f 3036 	3035 	3084
f 3035 	3083 	3084
f 3037 	3036 	3085
f 3036 	3084 	3085
f 3038 	3037 	3086
f 3037 	3085 	3086
f 3039 	3038 	3087
f 3038 	3086 	3087
f 3040 	3039 	3088
f 3039 	3087 	3088
f 3041 	3040 	3089
f 3040 	3088 	3089
f 3042 	3041 	3090
f 3041 	3089 	3090
f 3043 	3042 	3091
f 3042 	3090 	3091
f 3044 	3043 	3092
f 3043 	3091 	3092
f 3045 	3044 	3093
f 3044 	3092 	3093
f 3046 	3045 	3094
f 3045 	3093 	3094
f 3047 	3046 	3095
f 3046 	3094 	3095
f 3048 	3047 	3096
f 3047 	3095 	3096
f 3049 	3048 	3097
f 3048 	3096 	3097
f 3050 	3049 	3098
f 3049 	3097 	3098
f 3051 	3050 	3099
f 3050 	3098 	3099
f 3052 	3051 	3100
f 3051 	3099 	3100
f 3053 	3052 	3101
f 3052 	3100 	3101
f 3054 	3053 	3102
f 3053 	3101 	3102
f 3055 	3054 	3103
f 3054 	3102 	3103
f 3056 	3055 	3104
f 3055 	3103 	3104
f 3057 	3056 	3105
f 3056 	3104 	3105
f 3058 	3057 	3106
f 3057 	3105 	3106
f 3059 	3058 	3107
f 3058 	3106 	3107
f 3060 	3059 	3108
f 3059 	3107 	3108
f 3061 	3060 	3109
f 3060 	3108 	3109
f 3062 	3061 	3110
f 3061 	3109 	3110
f 3063 	3062 	3111
f 3062 	3110 	3111
f 3064 	3063 	3112
f 3063 	3111 	3112
f 3065 	3064 	3113
f 3064 	3112 	3113
f 3066 	3065 	3114
f 3065 	3113 	3114
f 3067 	3066 	3115
f 3066 	3114 	3115
f 3068 	3067 	3116
f 3067 	3115 	3116
f 3069 	3068 	3117
f 3068 	3116 	3117
f 3070 	3069 	3118
f 3069 	3117 	3118
f 3071 	3070 	3119
f 3070 	3118 	3119
f 3072 	3071 	3120
f 3071 	3119 	3120
f 3073 	3072 	3121
f 3072 	3120 	3121
f 3074 	3073 	3122
f 3073 	3121 	3122
f 3075 	3074 	3123
f 3074 	3122 	3123
f 3076 	3075 	3124
f 3075 	3123 	3124
f 3077 	3076 	3125
f 3076 	3124 	3125
f 3031 	3077 	3079
f 3077 	3125 	3079
f 3078 	3079 	3126
f 3079 	3127 	3126
f 3080 	3078 	3128
f 3078 	3126 	3128
f 3081 	3080 	3129
f 3080 	3128 	3129
f 3082 	3081 	3130
f 3081 	3129 	3130
f 3083 	3082 	3131
f 3082 	3130 	3131
f 3084 	3083 	3132
f 3083 	3131 	3132
f 3085 	3084 	3133
f 3084 	3132 	3133
f 3086 	3085 	3134
f 3085 	3133 	3134
f 3087 	3086 	3135
f 3086 	3134 	3135
f 3088 	3087 	3136
f 3087 	3135 	3136
f 3089 	3088 	3137
f 3088 	3136 	3137
f 3090 	3089 	3138
f 3089 	3137 	3138
f 3091 	3090 	3139
f 3090 	3138 	3139
f 3092 	3091 	3140
f 3091 	3139 	3140
f 3093 	3092 	3141
f 3092 	3140 	3141
f 3094 	3093 	3142
f 3093 	3141 	3142
f 3095 	3094 	3143
f 3094 	3142 	3143
f 3096 	3095 	3144
f 3095 	3143 	3144
f 3097 	3096 	3145
f 3096 	3144 	3145
f 3098 	3097 	3146
f 3097 	3145 	3146
f 3099 	3098 	3147
f 3098 	3146 	3147
f 3100 	3099 	3148
f 3099 	3147 	3148
f 3101 	3100 	3149
f 3100 	3148 	3149
f 3102 	3101 	3150
f 3101 	3149 	3150
f 3103 	3102 	3151
f 3102 	3150 	3151
f 3104 	3103 	3152
f 3103 	3151 	3152
f 3105 	3104 	3153
f 3104 	3152 	3153
f 3106 	3105 	3154
f 3105 	3153 	3154
f 3107 	3106 	3155
f 3106 	3154 	3155
f 3108 	3107 	3156
f 3107 	3155 	3156
f 3109 	3108 	3157
f 3108 	3156 	3157
f 3110 	3109 	3158
f 3109 	3157 	3158
f 3111 	3110 	3159
f 3110 	3158 	3159
f 3112 	3111 	3160
f 3111 	3159 	3160
f 3113 	3112 	3161
f 3112 	3160 	3161
f 3114 	3113 	3162
f 3113 	3161 	3162
f 3115 	3114 	3163
f 3114 	3162 	3163
f 3116 	3115 	3164
f 3115 	3163 	3164
f 3117 	3116 	3165
f 3116 	3164 	3165
f 3118 	3117 	3166
f 3117 	3165 	3166
f 3119 	3118 	3167
f 3118 	3166 	3167
f 3120 	3119 	3168
f 3119 	3167 	3168
f 3121 	3120 	3169
f 3120 	3168 	3169
f 3122 	3121 	3170
f 3121 	3169 	3170
f 3123 	3122 	3171
f 3122 	3170 	3171
f 3124 	3123 	3172
f 3123 	3171 	3172
f 3125 	3124 	3173
f 3124 	3172 	3173
f 3079 	3125 	3127
f 3125 	3173 	3127
f 3126 	3127 	3174
f 3127 	3175 	3174
f 3128 	3126 	3176
f 3126 	3174 	3176
f 3129 	3128 	3177
f 3128 	3176 	3177
f 3130 	3129 	3178
f 3129 	3177 	3178
f 3131 	3130 	3179
f 3130 	3178 	3179
f 3132 	3131 	3180
f 3131 	3179 	3180
f 3133 	3132 	3181
f 3132 	3180 	3181
f 3134 	3133 	3182
f 3133 	3181 	3182
f 3135 	3134 	3183
f 3134 	3182 	3183
f 3136 	3135 	3184
f 3135 	3183 	3184
f 3137 	3136 	3185
f 3136 	3184 	3185
f 3138 	3137 	3186
f 3137 	3185 	3186
f 3139 	3138 	3187
f 3138 	3186 	3187
f 3140 	3139 	3188
f 3139 	3187 	3188
f 3141 	3140 	3189
f 3140 	3188 	3189
f 3142 	3141 	3190
f 3141 	3189 	3190
f 3143 	3142 	3191
f 3142 	3190 	3191
f 3144 	3143 	3192
f 3143 	3191 	3192
f 3145 	3144 	3193
f 3144 	3192 	3193
f 3146 	3145 	3194
f 3145 	3193 	3194
f 3147 	3146 	3195
f 3146 	3194 	3195
f 3148 	3147 	3196
f 3147 	3195 	3196
f 3149 	3148 	3197
f 3148 	3196 	3197
f 3150 	3149 	3198
f 3149 	3197 	3198
f 3151 	3150 	3199
f 3150 	3198 	3199
f 3152 	3151 	3200
f 3151 	3199 	3200
f 3153 	3152 	3201
f 3152 	3200 	3201
f 3154 	3153 	3202
f 3153 	3201 	3202
f 3155 	3154 	3203
f 3154 	3202 	3203
f 3156 	3155 	3204
f 3155 	3203 	3204
f 3157 	3156 	3205
f 3156 	3204 	3205
f 3158 	3157 	3206
f 3157 	3205 	3206
f 3159 	3158 	3207
f 3158 	3206 	3207
f 3160 	3159 	3208
f 3159 	3207 	3208
f 3161 	3160 	3209
f 3160 	3208 	3209
f 3162 	3161 	3210
f 3161 	3209 	3210
f 3163 	3162 	3211
f 3162 	3210 	3211
f 3164 	3163 	3212
f 3163 	3211 	3212
f 3165 	3164 	3213
f 3164 	3212 	3213
f 3166 	3165 	3214
f 3165 	3213 	3214
f 3167 	3166 	3215
f 3166 	3214 	3215
f 3168 	3167 	3216
f 3167 	3215 	3216
f 3169 	3168 	3217
f 3168 	3216 	3217
f 3170 	3169 	3218
f 3169 	3217 	3218
f 3171 	3170 	3219
f 3170 	3218 	3219
f 3172 	3171 	3220
f 3171 	3219 	3220
f 3173 	3172 	3221
f 3172 	3220 	3221
f 3127 	3173 	3175
f 3173 	3221 	3175
f 3174 	3175 	3222
f 3175 	3223 	3222
f 3176 	3174 	3224
f 3174 	3222 	3224
f 3177 	3176 	3225
f 3176 	3224 	3225
f 3178 	3177 	3226
f 3177 	3225 	3226
f 3179 	3178 	3227
f 3178 	3226 	3227
f 3180 	3179 	3228
f 3179 	3227 	3228
f 3181 	3180 	3229
f 3180 	3228 	3229
f 3182 	3181 	3230
f 3181 	3229 	3230
f 3183 	3182 	3231
f 3182 	3230 	3231
f 3184 	3183 	3232
f 3183 	3231 	3232
f 3185 	3184 	3233
f 3184 	3232 	3233
f 3186 	3185 	3234
f 3185 	3233 	3234
f 3187 	3186 	3235
f 3186 	3234 	3235
f 3188 	3187 	3236
f 3187 	3235 	3236
f 3189 	3188 	3237
f 3188 	3236 	3237
f 3190 	3189 	3238
f 3189 	3237 	3238
f 3191 	3190 	3239
f 3190 	3238 	3239
f 3192 	3191 	3240
f 3191 	3239 	3240
f 3193 	3192 	3241
f 3192 	3240 	3241
f 3194 	3193 	3242
f 3193 	3241 	3242
f 3195 	3194 	3243
f 3194 	3242 	3243
f 3196 	3195 	3244
f 3195 	3243 	3244
f 3197 	3196 	3245
f 3196 	3244 	3245
f 3198 	3197 	3246
f 3197 	3245 	3246
f 3199 	3198 	3247
f 3198 	3246 	3247
f 3200 	3199 	3248
f 3199 	3247 	3248
f 3201 	3200 	3249
f 3200 	3248 	3249
f 3202 	3201 	3250
f 3201 	3249 	3250
f 3203 	3202 	3251
f 3202 	3250 	3251
f 3204 	3203 	3252
f 3203 	3251 	3252
f 3205 	3204 	3253
f 3204 	3252 	3253
f 3206 	3205 	3254
f 3205 	3253 	3254
f 3207 	3206 	3255
f 3206 	3254 	3255
f 3208 	3207 	3256
f 3207 	3255 	3256
f 3209 	3208 	3257
f 3208 	3256 	3257
f 3210 	3209 	3258
f 3209 	3257 	3258
f 3211 	3210 	3259
f 3210 	3258 	3259
f 3212 	3211 	3260
f 3211 	3259 	3260
f 3213 	3212 	3261
f 3212 	3260 	3261
f 3214 	3213 	3262
f 3213 	3261 	3262
f 3215 	3214 	3263
f 3214 	3262 	3263
f 3216 	3215 	3264
f 3215 	3263 	3264
f 3217 	3216 	3265
f 3216 	3264 	3265
f 3218 	3217 	3266
f 3217 	3265 	3266
f 3219 	3218 	3267
f 3218 	3266 	3267
f 3220 	3219 	3268
f 3219 	3267 	3268
f 3221 	3220 	3269
f 3220 	3268 	3269
f 3175 	3221 	3223
f 3221 	3269 	3223
f 3222 	3223 	3270
f 3223 	3271 	3270
f 3224 	3222 	3272
f 3222 	3270 	3272
f 3225 	3224 	3273
f 3224 	3272 	3273
f 3226 	3225 	3274
f 3225 	3273 	3274
f 3227 	3226 	3275
f 3226 	3274 	3275
f 3228 	3227 	3276
f 3227 	3275 	3276
f 3229 	3228 	3277
f 3228 	3276 	3277
f 3230 	3229 	3278
f 3229 	3277 	3278
f 3231 	3230 	3279
f 3230 	3278 	3279
f 3232 	3231 	3280
f 3231 	3279 	3280
f 3233 	3232 	3281
f 3232 	3280 	3281
f 3234 	3233 	3282
f 3233 	3281 	3282
f 3235 	3234 	3283
f 3234 	3282 	3283
f 3236 	3235 	3284
f 3235 	3283 	3284
f 3237 	3236 	3285
f 3236 	3284 	3285
f 3238 	3237 	3286
f 3237 	3285 	3286
f 3239 	3238 	3287
f 3238 	3286 	3287
f 3240 	3239 	3288
f 3239 	3287 	3288
f 3241 	3240 	3289
f 3240 	3288 	3289
f 3242 	3241 	3290
f 3241 	3289 	3290
f 3243 	3242 	3291
f 3242 	3290 	3291
f 3244 	3243 	3292
f 3243 	3291 	3292
f 3245 	3244 	3293
f 3244 	3292 	3293
f 3246 	3245 	3294
f 3245 	3293 	3294
f 3247 	3246 	3295
f 3246 	3294 	3295
f 3248 	3247 	3296
f 3247 	3295 	3296
f 3249 	3248 	3297
f 3248 	3296 	3297
f 3250 	3249 	3298
f 3249 	3297 	3298
f 3251 	3250 	3299
f 3250 	3298 	3299
f 3252 	3251 	3300
f 3251 	3299 	3300
f 3253 	3252 	3301
f 3252 	3300 	3301
f 3254 	3253 	3302
f 3253 	3301 	3302
f 3255 	3254 	3303
f 3254 	3302 	3303
f 3256 	3255 	3304
f 3255 	3303 	3304
f 3257 	3256 	3305
f 3256 	3304 	3305
f 3258 	3257 	3306
f 3257 	3305 	3306
f 3259 	3258 	3307
f 3258 	3306 	3307
f 3260 	3259 	3308
f 3259 	3307 	3308
f 3261 	3260 	3309
f 3260 	3308 	3309
f 3262 	3261 	3310
f 3261 	3309 	3310
f 3263 	3262 	3311
f 3262 	3310 	3311
f 3264 	3263 	3312
f 3263 	3311 	3312
f 3265 	3264 	3313
f 3264 	3312 	3313
f 3266 	3265 	3314
f 3265 	3313 	3314
f 3267 	3266 	3315
f 3266 	3314 	3315
f 3268 	3267 	3316
f 3267 	3315 	3316
f 3269 	3268 	3317
f 3268 	3316 	3317
f 3223 	3269 	3271
f 3269 	3317 	3271
f 3270 	3271 	3318
f 3272 	3270 	3318
f 3273 	3272 	3318
f 3274 	3273 	3318
f 3275 	3274 	3318
f 3276 	3275 	3318
f 3277 	3276 	3318
f 3278 	3277 	3318
f 3279 	3278 	3318
f 3280 	3279 	3318
f 3281 	3280 	3318
f 3282 	3281 	3318
f 3283 	3282 	3318
f 3284 	3283 	3318
f 3285 	3284 	3318
f 3286 	3285 	3318
f 3287 	3286 	3318
f 3288 	3287 	3318
f 3289 	3288 	3318
f 3290 	3289 	3318
f 3291 	3290 	3318
f 3292 	3291 	3318
f 3293 	3292 	3318
f 3294 	3293 	3318
f 3295 	3294 	3318
f 3296 	3295 	3318
f 3297 	3296 	3318
f 3298 	3297 	3318
f 3299 	3298 	3318
f 3300 	3299 	3318
f 3301 	3300 	3318
f 3302 	3301 	3318
f 3303 	3302 	3318
f 3304 	3303 	3318
f 3305 	3304 	3318
f 3306 	3305 	3318
f 3307 	3306 	3318
f 3308 	3307 	3318
f 3309 	3308 	3318
f 3310 	3309 	3318
f 3311 	3310 	3318
f 3312 	3311 	3318
f 3313 	3312 	3318
f 3314 	3313 	3318
f 3315 	3314 	3318
f 3316 	3315 	3318
f 3317 	3316 	3318
f 3271 	3317 	3318
# 2208 faces

 #end of obj_2

o obj_3
v -5.3483 		-5.9962 		7.9151
v -5.2707 		-6.0437 		7.9802
v -5.1638 		-6.074 		7.9997
v -5.4284 		-5.8774 		7.7087
v -5.4094 		-5.9449 		7.8363
v -5.4112 		-5.7507 		7.4492
v -5.4314 		-5.8106 		7.5765
v -5.3108 		-5.6197 		7.1491
v -5.3807 		-5.6931 		7.3225
v -5.1471 		-5.4961 		6.8395
v -5.2319 		-5.5492 		6.978
v -4.9427 		-5.4003 		6.5698
v -5.055 		-5.446 		6.7042
v -4.5169 		-5.2596 		6.1255
v -4.8248 		-5.3574 		6.4388
v -3.9598 		-5.1283 		5.6494
v -4.1997 		-5.1679 		5.8206
v -3.4812 		-5.0709 		5.351
v -3.7111 		-5.095 		5.4874
v -2.8576 		-5.0222 		5.0143
v -3.248 		-5.0498 		5.2192
v -2.2264 		-5.0021 		4.7317
v -2.4628 		-5 		4.8183
v -1.3647 		-5.0789 		4.5542
v -1.9852 		-5.0127 		4.6602
v -0.5717 		-5.1842 		4.4598
v -0.7422 		-5.1528 		4.4626
v -0.0557 		-5.2608 		4.4146
v -0.2284 		-5.2387 		4.4368
v -0.401 		-5.217 		4.4598
v 0.9504 		-5.4416 		4.3892
v 0.448 		-5.3482 		4.3957
v 1.5325 		-5.5904 		4.4626
v 1.243 		-5.513 		4.4193
v 1.8888 		-5.7098 		4.5643
v 1.7127 		-5.6482 		4.5088
v 2.4994 		-5.9616 		4.8325
v 2.198 		-5.8336 		4.6926
v 3.1151 		-6.2851 		5.2418
v 2.8111 		-6.1217 		5.0324
v 3.4285 		-6.4684 		5.4874
v 3.2748 		-6.376 		5.3618
v 3.8587 		-6.776 		5.9363
v 3.6534 		-6.6212 		5.7061
v 3.9864 		-7.0085 		6.3513
v 3.9336 		-6.892 		6.1391
v 3.9996 		-7.1539 		6.6364
v 4 		-7.0824 		6.4935
v 3.9274 		-7.2149 		6.7861
v 3.9702 		-7.1868 		6.7135
v 3.7774 		-7.2356 		6.8849
v 3.8565 		-7.2289 		6.8412
v 3.5567 		-7.1974 		6.8933
v 3.666 		-7.2206 		6.8978
v 3.3967 		-7.1058 		6.7719
v 3.4687 		-7.154 		6.8405
v 3.3561 		-6.965 		6.5066
v 3.3719 		-7.0359 		6.642
v -0.5588 		-5.4681 		5.0217
v -0.3866 		-5.5012 		5.0216
v -0.2156 		-5.5226 		4.9986
v -4.7879 		-6.015 		7.7374
v -4.7876 		-5.9662 		7.6399
v -4.7908 		-5.9164 		7.5418
v -4.8601 		-6.0761 		7.8871
v -4.8174 		-6.0482 		7.815
v -5.0528 		-6.0955 		8
v -4.952 		-6.0904 		7.951
v -0.0445 		-5.5444 		4.9764
v -0.731 		-5.4364 		5.0244
v -4.7796 		-5.8897 		7.4841
v 3.3266 		-6.892 		6.3721
v -4.7635 		-5.8641 		7.4269
v 3.2834 		-6.8195 		6.244
v -4.7104 		-5.8096 		7.2977
v -4.652 		-5.7569 		7.17
v 3.1273 		-6.7026 		6.0705
v -4.5917 		-5.7196 		7.0724
v 2.957 		-6.587 		5.9052
v -4.5246 		-5.6852 		6.978
v 2.8339 		-6.5122 		5.8031
v -4.3045 		-5.6057 		6.7348
v 2.706 		-6.4387 		5.7055
v -4.0786 		-5.5292 		6.4953
v 2.421 		-6.2854 		5.5089
v -3.9305 		-5.4849 		6.35
v 2.1292 		-6.1351 		5.3209
v -3.7763 		-5.4445 		6.2101
v 1.8791 		-6.0288 		5.2047
v -3.578 		-5.413 		6.0711
v 1.6225 		-5.9259 		5.0978
v -3.3735 		-5.3862 		5.9391
v 1.4911 		-5.8783 		5.0533
v -2.9722 		-5.349 		5.7106
v 1.3566 		-5.8337 		5.016
v -2.5673 		-5.315 		5.4874
v 1.1157 		-5.7689 		4.9791
v 0.8721 		-5.7094 		4.9539
v -2.3931 		-5.3046 		5.3998
v 0.4144 		-5.6242 		4.9595
v -2.216 		-5.2978 		5.318
v -2.0283 		-5.3009 		5.2521
v -1.8376 		-5.3098 		5.1966
v -1.285 		-5.3698 		5.1043
v -5.7324 		-8.8385 		6.6105
v -5.8393 		-8.8082 		6.591
v -5.9169 		-8.7606 		6.5258
v -5.978 		-8.7094 		6.447
v -5.9969 		-8.6418 		6.3194
v -6 		-8.575 		6.1873
v -5.9798 		-8.5151 		6.0599
v -5.9493 		-8.4575 		5.9332
v -5.8794 		-8.3841 		5.7599
v -5.8005 		-8.3136 		5.5888
v -5.7157 		-8.2605 		5.4503
v -5.6236 		-8.2104 		5.315
v -5.5113 		-8.1647 		5.1806
v -5.3934 		-8.1218 		5.0496
v -5.0855 		-8.0241 		4.7363
v -4.7683 		-7.9323 		4.4313
v -4.5284 		-7.8928 		4.2602
v -4.2797 		-7.8595 		4.0982
v -4.0498 		-7.8353 		3.9617
v -3.8166 		-7.8142 		3.83
v -3.4262 		-7.7867 		3.6251
v -3.0314 		-7.7644 		3.4291
v -2.795 		-7.7665 		3.3425
v -2.5538 		-7.7771 		3.271
v -1.9332 		-7.8433 		3.1649
v -1.3108 		-7.9172 		3.0734
v -1.1403 		-7.9486 		3.0705
v -0.9696 		-7.9814 		3.0706
v -0.797 		-8.0031 		3.0475
v -0.6243 		-8.0252 		3.0254
v -0.1206 		-8.1127 		3.0065
v 0.3818 		-8.2061 		3
v 0.6744 		-8.2774 		3.0301
v 0.9639 		-8.3548 		3.0734
v 1.1441 		-8.4126 		3.1196
v 1.3202 		-8.4742 		3.175
v 1.6294 		-8.598 		3.3033
v 1.9308 		-8.7261 		3.4432
v 2.2425 		-8.8862 		3.6431
v 2.5465 		-9.0495 		3.8526
v 2.7062 		-9.1404 		3.9726
v 2.8599 		-9.2329 		4.0982
v 3.0848 		-9.3857 		4.3169
v 3.2901 		-9.5405 		4.5471
v 3.365 		-9.6565 		4.7498
v 3.4178 		-9.7729 		4.9621
v 3.4314 		-9.8468 		5.1043
v 3.431 		-9.9183 		5.2472
v 3.4016 		-9.9513 		5.3243
v 3.3588 		-9.9794 		5.3968
v 3.2879 		-9.9933 		5.452
v 3.2088 		-10 		5.4956
v 3.0974 		-9.985 		5.5085
v 2.9881 		-9.9618 		5.5041
v 2.9002 		-9.9184 		5.4513
v 2.8281 		-9.8702 		5.3827
v 2.8033 		-9.8003 		5.2528
v 2.7875 		-9.7295 		5.1173
v -0.7842 		-8.287 		3.6094
v -0.9552 		-8.2656 		3.6324
v -1.1274 		-8.2326 		3.6325
v -5.3594 		-8.6809 		6.1526
v -5.3562 		-8.7306 		6.2507
v -5.3565 		-8.7794 		6.3482
v -5.386 		-8.8126 		6.4258
v -5.4286 		-8.8405 		6.4978
v -5.5206 		-8.8548 		6.5617
v -5.6214 		-8.86 		6.6108
v -0.6131 		-8.3088 		3.5872
v -1.2996 		-8.2008 		3.6352
v -5.3482 		-8.6541 		6.0949
v 2.758 		-9.6565 		4.9829
v -5.3321 		-8.6286 		6.0377
v 2.7148 		-9.584 		4.8548
v -5.279 		-8.574 		5.9084
v -5.2206 		-8.5213 		5.7808
v 2.5587 		-9.467 		4.6813
v -5.1603 		-8.484 		5.6832
v 2.3884 		-9.3515 		4.516
v -5.0932 		-8.4496 		5.5888
v 2.2653 		-9.2766 		4.4139
v -4.8731 		-8.3702 		5.3456
v 2.1374 		-9.2031 		4.3162
v -4.6472 		-8.2936 		5.106
v 1.8524 		-9.0498 		4.1197
v -4.4991 		-8.2493 		4.9607
v 1.5606 		-8.8995 		3.9316
v -4.3449 		-8.2089 		4.8209
v 1.3105 		-8.7932 		3.8155
v -4.1466 		-8.1774 		4.6819
v 1.0539 		-8.6903 		3.7086
v -3.9421 		-8.1507 		4.5499
v 0.9225 		-8.6427 		3.6641
v -3.5408 		-8.1134 		4.3214
v 0.788 		-8.5981 		3.6267
v -3.1359 		-8.0795 		4.0982
v 0.5472 		-8.5334 		3.5899
v 0.3035 		-8.4738 		3.5646
v -2.9617 		-8.0691 		4.0105
v -0.1542 		-8.3886 		3.5703
v -2.7846 		-8.0622 		3.9288
v -2.5969 		-8.0653 		3.8629
v -2.4062 		-8.0742 		3.8074
v -1.8536 		-8.1342 		3.7151
# 208 vertices

g group_3_2829873

usemtl color_2829873
s 0

f 3319 	3320 	3321
f 3322 	3323 	3319
f 3324 	3325 	3322
f 3326 	3327 	3324
f 3328 	3329 	3326
f 3330 	3331 	3328
f 3332 	3333 	3330
f 3334 	3335 	3332
f 3336 	3337 	3334
f 3338 	3339 	3336
f 3340 	3341 	3338
f 3342 	3343 	3340
f 3344 	3345 	3342
f 3346 	3347 	3348
f 3349 	3350 	3346
f 3351 	3352 	3349
f 3353 	3354 	3351
f 3355 	3356 	3353
f 3357 	3358 	3355
f 3359 	3360 	3357
f 3361 	3362 	3359
f 3363 	3364 	3361
f 3365 	3366 	3363
f 3367 	3368 	3365
f 3369 	3370 	3367
f 3371 	3372 	3369
f 3373 	3374 	3371
f 3375 	3376 	3373
f 3377 	3378 	3379
f 3380 	3381 	3382
f 3383 	3384 	3380
f 3385 	3386 	3383
f 3319 	3321 	3385
f 3324 	3322 	3319
f 3328 	3326 	3324
f 3332 	3330 	3328
f 3336 	3334 	3332
f 3340 	3338 	3336
f 3344 	3342 	3340
f 3349 	3346 	3348
f 3353 	3351 	3349
f 3357 	3355 	3353
f 3361 	3359 	3357
f 3365 	3363 	3361
f 3369 	3367 	3365
f 3373 	3371 	3369
f 3377 	3379 	3387
f 3383 	3380 	3382
f 3319 	3385 	3383
f 3328 	3324 	3319
f 3336 	3332 	3328
f 3344 	3340 	3336
f 3353 	3349 	3348
f 3361 	3357 	3353
f 3369 	3365 	3361
f 3375 	3373 	3369
f 3388 	3377 	3387
f 3383 	3382 	3389
f 3328 	3319 	3383
f 3348 	3344 	3336
f 3375 	3369 	3361
f 3328 	3383 	3389
f 3353 	3348 	3336
f 3390 	3375 	3361
f 3328 	3389 	3391
f 3392 	3390 	3361
f 3328 	3391 	3393
f 3392 	3361 	3353
f 3328 	3393 	3394
f 3395 	3392 	3353
f 3328 	3394 	3396
f 3397 	3395 	3353
f 3328 	3396 	3398
f 3399 	3397 	3353
f 3328 	3398 	3400
f 3401 	3399 	3353
f 3328 	3400 	3402
f 3403 	3401 	3353
f 3328 	3402 	3404
f 3405 	3403 	3353
f 3328 	3404 	3406
f 3407 	3405 	3353
f 3328 	3406 	3408
f 3409 	3407 	3353
f 3328 	3408 	3410
f 3411 	3409 	3353
f 3328 	3410 	3412
f 3413 	3411 	3353
f 3328 	3412 	3414
f 3415 	3413 	3353
f 3336 	3328 	3414
f 3416 	3415 	3353
f 3336 	3414 	3417
f 3418 	3416 	3353
f 3336 	3417 	3419
f 3387 	3418 	3353
f 3336 	3419 	3420
f 3388 	3387 	3353
f 3336 	3420 	3421
f 3388 	3353 	3336
f 3336 	3421 	3422
f 3422 	3388 	3336
f 3423 	3424 	3425
f 3425 	3426 	3427
f 3427 	3428 	3429
f 3429 	3430 	3431
f 3431 	3432 	3433
f 3433 	3434 	3435
f 3435 	3436 	3437
f 3437 	3438 	3439
f 3439 	3440 	3441
f 3441 	3442 	3443
f 3443 	3444 	3445
f 3445 	3446 	3447
f 3447 	3448 	3449
f 3450 	3451 	3452
f 3452 	3453 	3454
f 3454 	3455 	3456
f 3456 	3457 	3458
f 3458 	3459 	3460
f 3460 	3461 	3462
f 3462 	3463 	3464
f 3464 	3465 	3466
f 3466 	3467 	3468
f 3468 	3469 	3470
f 3470 	3471 	3472
f 3472 	3473 	3474
f 3474 	3475 	3476
f 3476 	3477 	3478
f 3478 	3479 	3480
f 3481 	3482 	3483
f 3484 	3485 	3486
f 3486 	3487 	3488
f 3488 	3489 	3490
f 3490 	3423 	3425
f 3425 	3427 	3429
f 3429 	3431 	3433
f 3433 	3435 	3437
f 3437 	3439 	3441
f 3441 	3443 	3445
f 3445 	3447 	3449
f 3450 	3452 	3454
f 3454 	3456 	3458
f 3458 	3460 	3462
f 3462 	3464 	3466
f 3466 	3468 	3470
f 3470 	3472 	3474
f 3474 	3476 	3478
f 3491 	3481 	3483
f 3484 	3486 	3488
f 3488 	3490 	3425
f 3425 	3429 	3433
f 3433 	3437 	3441
f 3441 	3445 	3449
f 3450 	3454 	3458
f 3458 	3462 	3466
f 3466 	3470 	3474
f 3474 	3478 	3480
f 3491 	3483 	3492
f 3493 	3484 	3488
f 3488 	3425 	3433
f 3441 	3449 	3450
f 3466 	3474 	3480
f 3493 	3488 	3433
f 3441 	3450 	3458
f 3466 	3480 	3494
f 3495 	3493 	3433
f 3466 	3494 	3496
f 3497 	3495 	3433
f 3458 	3466 	3496
f 3498 	3497 	3433
f 3458 	3496 	3499
f 3500 	3498 	3433
f 3458 	3499 	3501
f 3502 	3500 	3433
f 3458 	3501 	3503
f 3504 	3502 	3433
f 3458 	3503 	3505
f 3506 	3504 	3433
f 3458 	3505 	3507
f 3508 	3506 	3433
f 3458 	3507 	3509
f 3510 	3508 	3433
f 3458 	3509 	3511
f 3512 	3510 	3433
f 3458 	3511 	3513
f 3514 	3512 	3433
f 3458 	3513 	3515
f 3516 	3514 	3433
f 3458 	3515 	3517
f 3518 	3516 	3433
f 3458 	3517 	3519
f 3518 	3433 	3441
f 3458 	3519 	3520
f 3521 	3518 	3441
f 3458 	3520 	3522
f 3523 	3521 	3441
f 3458 	3522 	3491
f 3524 	3523 	3441
f 3458 	3491 	3492
f 3525 	3524 	3441
f 3441 	3458 	3492
f 3526 	3525 	3441
f 3441 	3492 	3526
f 3319 	3323 	3425
f 3323 	3426 	3425
f 3323 	3322 	3426
f 3322 	3427 	3426
f 3322 	3325 	3427
f 3325 	3428 	3427
f 3325 	3324 	3428
f 3324 	3429 	3428
f 3324 	3327 	3429
f 3327 	3430 	3429
f 3327 	3326 	3430
f 3326 	3431 	3430
f 3326 	3329 	3431
f 3329 	3432 	3431
f 3329 	3328 	3432
f 3328 	3433 	3432
f 3328 	3331 	3433
f 3331 	3434 	3433
f 3331 	3330 	3434
f 3330 	3435 	3434
f 3330 	3333 	3435
f 3333 	3436 	3435
f 3333 	3332 	3436
f 3332 	3437 	3436
f 3332 	3335 	3437
f 3335 	3438 	3437
f 3335 	3334 	3438
f 3334 	3439 	3438
f 3334 	3337 	3439
f 3337 	3440 	3439
f 3337 	3336 	3440
f 3336 	3441 	3440
f 3336 	3339 	3441
f 3339 	3442 	3441
f 3339 	3338 	3442
f 3338 	3443 	3442
f 3338 	3341 	3443
f 3341 	3444 	3443
f 3341 	3340 	3444
f 3340 	3445 	3444
f 3340 	3343 	3445
f 3343 	3446 	3445
f 3343 	3342 	3446
f 3342 	3447 	3446
f 3342 	3345 	3447
f 3345 	3448 	3447
f 3345 	3344 	3448
f 3344 	3449 	3448
f 3344 	3348 	3449
f 3348 	3450 	3449
f 3348 	3347 	3450
f 3347 	3451 	3450
f 3347 	3346 	3451
f 3346 	3452 	3451
f 3346 	3350 	3452
f 3350 	3453 	3452
f 3350 	3349 	3453
f 3349 	3454 	3453
f 3349 	3352 	3454
f 3352 	3455 	3454
f 3352 	3351 	3455
f 3351 	3456 	3455
f 3351 	3354 	3456
f 3354 	3457 	3456
f 3354 	3353 	3457
f 3353 	3458 	3457
f 3353 	3356 	3458
f 3356 	3459 	3458
f 3356 	3355 	3459
f 3355 	3460 	3459
f 3355 	3358 	3460
f 3358 	3461 	3460
f 3358 	3357 	3461
f 3357 	3462 	3461
f 3357 	3360 	3462
f 3360 	3463 	3462
f 3360 	3359 	3463
f 3359 	3464 	3463
f 3359 	3362 	3464
f 3362 	3465 	3464
f 3362 	3361 	3465
f 3361 	3466 	3465
f 3361 	3364 	3466
f 3364 	3467 	3466
f 3364 	3363 	3467
f 3363 	3468 	3467
f 3363 	3366 	3468
f 3366 	3469 	3468
f 3366 	3365 	3469
f 3365 	3470 	3469
f 3365 	3368 	3470
f 3368 	3471 	3470
f 3368 	3367 	3471
f 3367 	3472 	3471
f 3367 	3370 	3472
f 3370 	3473 	3472
f 3370 	3369 	3473
f 3369 	3474 	3473
f 3369 	3372 	3474
f 3372 	3475 	3474
f 3372 	3371 	3475
f 3371 	3476 	3475
f 3371 	3374 	3476
f 3374 	3477 	3476
f 3374 	3373 	3477
f 3373 	3478 	3477
f 3373 	3376 	3478
f 3376 	3479 	3478
f 3376 	3375 	3479
f 3375 	3480 	3479
f 3375 	3390 	3480
f 3390 	3494 	3480
f 3390 	3392 	3494
f 3392 	3496 	3494
f 3392 	3395 	3496
f 3395 	3499 	3496
f 3395 	3397 	3499
f 3397 	3501 	3499
f 3397 	3399 	3501
f 3399 	3503 	3501
f 3399 	3401 	3503
f 3401 	3505 	3503
f 3401 	3403 	3505
f 3403 	3507 	3505
f 3403 	3405 	3507
f 3405 	3509 	3507
f 3405 	3407 	3509
f 3407 	3511 	3509
f 3407 	3409 	3511
f 3409 	3513 	3511
f 3409 	3411 	3513
f 3411 	3515 	3513
f 3411 	3413 	3515
f 3413 	3517 	3515
f 3413 	3415 	3517
f 3415 	3519 	3517
f 3415 	3416 	3519
f 3416 	3520 	3519
f 3416 	3418 	3520
f 3418 	3522 	3520
f 3418 	3387 	3522
f 3387 	3491 	3522
f 3387 	3379 	3491
f 3379 	3481 	3491
f 3379 	3378 	3481
f 3378 	3482 	3481
f 3378 	3377 	3482
f 3377 	3483 	3482
f 3377 	3388 	3483
f 3388 	3492 	3483
f 3388 	3422 	3492
f 3422 	3526 	3492
f 3422 	3421 	3526
f 3421 	3525 	3526
f 3421 	3420 	3525
f 3420 	3524 	3525
f 3420 	3419 	3524
f 3419 	3523 	3524
f 3419 	3417 	3523
f 3417 	3521 	3523
f 3417 	3414 	3521
f 3414 	3518 	3521
f 3414 	3412 	3518
f 3412 	3516 	3518
f 3412 	3410 	3516
f 3410 	3514 	3516
f 3410 	3408 	3514
f 3408 	3512 	3514
f 3408 	3406 	3512
f 3406 	3510 	3512
f 3406 	3404 	3510
f 3404 	3508 	3510
f 3404 	3402 	3508
f 3402 	3506 	3508
f 3402 	3400 	3506
f 3400 	3504 	3506
f 3400 	3398 	3504
f 3398 	3502 	3504
f 3398 	3396 	3502
f 3396 	3500 	3502
f 3396 	3394 	3500
f 3394 	3498 	3500
f 3394 	3393 	3498
f 3393 	3497 	3498
f 3393 	3391 	3497
f 3391 	3495 	3497
f 3391 	3389 	3495
f 3389 	3493 	3495
f 3389 	3382 	3493
f 3382 	3484 	3493
f 3382 	3381 	3484
f 3381 	3485 	3484
f 3381 	3380 	3485
f 3380 	3486 	3485
f 3380 	3384 	3486
f 3384 	3487 	3486
f 3384 	3383 	3487
f 3383 	3488 	3487
f 3383 	3386 	3488
f 3386 	3489 	3488
f 3386 	3385 	3489
f 3385 	3490 	3489
f 3385 	3321 	3490
f 3321 	3423 	3490
f 3321 	3320 	3423
f 3320 	3424 	3423
f 3320 	3319 	3424
f 3319 	3425 	3424
# 412 faces

 #end of obj_3

